item,heapify,push,peek,pop,remove_first_peek,remove_499,remove_483,remove_2,remove_937,remove_679,remove_517,remove_6,remove_14,remove_100,remove_650
957, 0, 0, 0, 0, 1, 0, 0, 0, 0, 0, 0, 0, 0, 0, 0
447, 2, 2, 1, 1, 2, 2, 2, 1, 2, 2, 2, 2, 2, 2, 2
617, 1, 1, 2, 2, 3, 1, 1, 4, 1, 1, 1, 1, 1, 1, 1
773, 8, 8, 3, 3, 4, 8, 8, 3, 8, 8, 8, 8, 8, 8, 8
157, 3, 3, 4, 4, 5, 3, 3, 10, 3, 3, 3, 3, 3, 3, 3
570, 12, 12, 5, 5, 6, 12, 12, 8, 12, 12, 12, 12, 12, 12, 12
909, 4, 4, 6, 6, 7, 4, 4, 6, 4, 4, 4, 4, 4, 4, 4
573, 11, 11, 7, 7, 8, 11, 11, 20, 11, 11, 11, 11, 11, 11, 11
8, 20, 20, 8, 8, 9, 20, 20, 5, 20, 20, 20, 17, 20, 20, 20
851, 5, 5, 9, 9, 10, 5, 5, 12, 5, 5, 5, 5, 5, 5, 5
10, 27, 27, 10, 10, 11, 27, 27, 31, 27, 27, 27, 27, 27, 27, 27
103, 31, 31, 11, 11, 12, 31, 31, 30, 31, 31, 31, 31, 31, 31, 31
306, 30, 30, 12, 12, 13, 30, 30, 41, 30, 30, 30, 30, 30, 30, 30
775, 41, 41, 13, 13, 14, 41, 41, 9, 41, 41, 41, 9, 39, 39, 41
506, 6, 6, 14, 14, 15, 6, 6, 7, 6, 6, 6, 7, 6, 6, 6
906, 13, 13, 15, 15, 16, 13, 13, 23, 13, 13, 13, 23, 13, 13, 13
557, 23, 23, 16, 16, 17, 23, 23, 26, 23, 23, 23, 26, 23, 23, 23
791, 35, 35, 17, 17, 18, 35, 35, 21, 35, 35, 35, 21, 35, 35, 35
43, 21, 21, 18, 18, 19, 21, 21, 17, 21, 21, 21, 20, 21, 21, 21
736, 17, 17, 19, 19, 20, 17, 17, 27, 17, 17, 17, 10, 17, 17, 17
897, 10, 10, 20, 20, 21, 10, 10, 15, 10, 10, 10, 15, 10, 10, 10
738, 29, 29, 21, 21, 22, 29, 29, 34, 29, 29, 29, 34, 29, 29, 29
772, 34, 34, 22, 22, 23, 34, 34, 36, 34, 34, 34, 36, 34, 34, 34
873, 76, 76, 23, 23, 24, 76, 76, 33, 76, 76, 76, 33, 63, 63, 76
780, 33, 33, 24, 24, 25, 33, 33, 37, 33, 33, 33, 37, 33, 33, 33
547, 40, 40, 25, 25, 26, 40, 40, 44, 40, 40, 40, 44, 40, 40, 40
812, 44, 44, 26, 26, 27, 44, 44, 51, 44, 44, 44, 51, 44, 44, 44
890, 53, 53, 27, 27, 28, 53, 53, 54, 53, 53, 53, 54, 53, 53, 53
603, 54, 54, 28, 28, 29, 54, 54, 11, 54, 54, 54, 25, 41, 41, 54
88, 9, 9, 29, 29, 30, 9, 9, 13, 9, 9, 9, 13, 9, 9, 9
880, 7, 7, 30, 30, 31, 7, 7, 18, 7, 7, 7, 18, 7, 7, 7
548, 19, 19, 31, 31, 32, 19, 19, 24, 19, 19, 19, 24, 19, 19, 19
221, 28, 28, 32, 32, 33, 28, 28, 49, 28, 28, 28, 49, 28, 28, 28
879, 49, 49, 33, 33, 34, 49, 49, 35, 49, 49, 49, 35, 49, 49, 49
372, 26, 26, 34, 34, 35, 26, 26, 43, 26, 26, 26, 43, 26, 26, 26
35, 43, 43, 35, 35, 36, 43, 43, 87, 43, 43, 43, 87, 43, 43, 43
24, 87, 87, 36, 36, 37, 87, 87, 81, 87, 87, 87, 81, 87, 87, 87
704, 81, 81, 37, 37, 38, 81, 81, 22, 81, 81, 81, 22, 81, 81, 81
693, 22, 22, 38, 38, 39, 22, 22, 38, 22, 22, 22, 38, 22, 22, 22
642, 38, 38, 39, 39, 40, 38, 38, 32, 38, 38, 38, 32, 38, 38, 38
3, 32, 32, 40, 40, 41, 32, 32, 46, 32, 32, 32, 46, 32, 32, 32
689, 46, 46, 41, 41, 42, 46, 46, 29, 46, 46, 46, 29, 46, 46, 46
848, 15, 15, 42, 42, 43, 15, 15, 16, 15, 15, 15, 16, 15, 15, 15
755, 42, 42, 43, 43, 44, 42, 42, 66, 42, 42, 42, 66, 42, 42, 42
91, 71, 71, 44, 44, 45, 71, 71, 45, 71, 71, 71, 45, 62, 62, 71
335, 45, 45, 45, 45, 46, 45, 45, 57, 45, 45, 45, 57, 45, 45, 45
809, 36, 36, 46, 46, 47, 36, 36, 96, 36, 36, 36, 96, 36, 36, 36
675, 96, 96, 47, 47, 48, 96, 96, 95, 96, 96, 96, 95, 96, 96, 96
985, 95, 95, 48, 48, 49, 95, 95, 47, 95, 95, 95, 47, 76, 76, 95
156, 47, 47, 49, 49, 50, 47, 47, 40, 47, 47, 47, 40, 47, 47, 47
730, 37, 37, 50, 50, 51, 37, 37, 48, 37, 37, 37, 48, 37, 37, 37
51, 48, 48, 51, 51, 52, 48, 48, 64, 48, 48, 48, 64, 48, 48, 48
300, 211, 211, 52, 52, 53, 211, 211, 94, 211, 211, 211, 94, 108, 108, 211
864, 94, 94, 53, 53, 54, 94, 94, 53, 94, 94, 94, 53, 94, 94, 94
452, 51, 51, 54, 54, 55, 51, 51, 104, 51, 51, 51, 104, 51, 51, 51
220, 104, 104, 55, 55, 56, 104, 104, 135, 104, 104, 104, 135, 104, 104, 104
591, 163, 163, 56, 56, 57, 163, 163, 72, 163, 163, 163, 72, 144, 144, 163
973, 72, 72, 57, 57, 58, 72, 72, 114, 72, 72, 72, 114, 72, 72, 72
862, 183, 183, 58, 58, 59, 183, 183, 25, 183, 183, 183, 39, 54, 54, 183
59, 25, 25, 59, 59, 60, 25, 25, 58, 25, 25, 25, 58, 25, 25, 25
406, 61, 61, 60, 60, 61, 61, 61, 14, 61, 61, 61, 14, 59, 59, 61
61, 14, 14, 61, 61, 62, 14, 14, 19, 14, 14, 14, 19, 18, 14, 14
763, 18, 18, 62, 62, 63, 18, 18, 56, 18, 18, 18, 56, 56, 18, 18
759, 86, 86, 63, 63, 64, 86, 86, 28, 86, 86, 86, 28, 24, 86, 86
729, 24, 24, 64, 64, 65, 24, 24, 65, 24, 24, 24, 65, 65, 24, 24
65, 65, 65, 65, 65, 66, 65, 65, 77, 65, 65, 65, 77, 77, 65, 65
685, 117, 117, 66, 66, 67, 117, 117, 50, 117, 117, 117, 50, 50, 117, 117
436, 50, 50, 67, 67, 68, 50, 50, 52, 50, 50, 50, 52, 52, 50, 50
592, 83, 83, 68, 68, 69, 83, 83, 70, 83, 83, 83, 70, 70, 83, 83
264, 70, 70, 69, 69, 70, 70, 70, 68, 70, 70, 70, 68, 68, 70, 70
205, 68, 68, 70, 70, 71, 68, 68, 145, 68, 68, 68, 145, 145, 68, 68
353, 145, 145, 71, 71, 72, 145, 145, 105, 145, 145, 145, 105, 105, 132, 145
802, 105, 105, 72, 72, 73, 105, 105, 148, 105, 105, 105, 148, 148, 105, 105
257, 148, 148, 73, 73, 74, 148, 148, 126, 148, 148, 148, 126, 126, 148, 148
857, 126, 126, 74, 74, 75, 126, 126, 100, 126, 126, 126, 100, 100, 115, 126
81, 100, 100, 75, 75, 76, 100, 100, 149, 100, 100, 100, 149, 149, 149, 100
202, 149, 149, 76, 76, 77, 149, 149, 170, 149, 149, 149, 170, 170, 170, 149
895, 233, 233, 77, 77, 78, 233, 155, 128, 233, 233, 155, 128, 128, 128, 233
887, 128, 128, 78, 78, 79, 128, 128, 93, 128, 128, 128, 93, 93, 93, 128
382, 93, 93, 79, 79, 80, 93, 93, 60, 93, 93, 93, 60, 60, 60, 93
742, 60, 60, 80, 80, 81, 60, 60, 74, 60, 60, 60, 74, 74, 74, 60
598, 74, 74, 81, 81, 82, 74, 74, 127, 74, 74, 74, 127, 127, 127, 74
529, 223, 223, 82, 82, 83, 223, 223, 98, 223, 223, 223, 98, 98, 98, 223
774, 98, 98, 83, 83, 84, 98, 98, 90, 98, 98, 98, 90, 90, 90, 98
60, 90, 90, 84, 84, 85, 90, 90, 79, 90, 90, 90, 79, 79, 79, 90
975, 79, 79, 85, 85, 86, 79, 79, 42, 79, 79, 79, 42, 16, 16, 79
792, 16, 16, 86, 86, 87, 16, 16, 67, 16, 16, 16, 67, 67, 67, 16
604, 67, 67, 87, 87, 88, 67, 67, 71, 67, 67, 67, 71, 66, 66, 67
57, 66, 66, 88, 88, 89, 66, 66, 91, 66, 66, 66, 91, 91, 91, 66
886, 182, 182, 89, 89, 90, 182, 182, 184, 182, 182, 182, 184, 184, 184, 182
904, 184, 184, 90, 90, 91, 184, 184, 62, 184, 184, 184, 62, 71, 71, 184
994, 62, 62, 91, 91, 92, 62, 62, 76, 62, 62, 62, 76, 57, 57, 62
106, 57, 57, 92, 92, 93, 57, 57, 124, 57, 57, 57, 124, 124, 124, 57
260, 124, 124, 93, 93, 94, 124, 124, 106, 124, 124, 124, 106, 106, 106, 124
29, 106, 106, 94, 94, 95, 106, 106, 200, 106, 106, 106, 200, 200, 200, 106
95, 282, 282, 95, 95, 96, 282, 282, 97, 282, 282, 282, 97, 97, 97, 282
96, 97, 97, 96, 96, 97, 97, 97, 158, 97, 97, 97, 158, 158, 158, 97
330, 158, 158, 97, 97, 98, 158, 158, 123, 158, 158, 158, 123, 123, 123, 158
865, 123, 123, 98, 98, 99, 123, 123, 63, 123, 123, 123, 63, 95, 95, 123
612, 63, 63, 99, 99, 100, 63, 63, 55, 63, 63, 63, 55, 55, 55, 63
134, 55, 55, 100, 100, 101, 55, 55, 84, 55, 55, 55, 84, 84, 84, 55
806, 84, 84, 101, 101, 102, 84, 84, 82, 84, 84, 84, 82, 82, 82, 84
102, 82, 82, 102, 102, 103, 82, 82, 88, 82, 82, 82, 88, 88, 88, 82
901, 107, 107, 103, 103, 104, 107, 107, 188, 107, 107, 107, 188, 64, 64, 107
199, 64, 64, 104, 104, 105, 64, 64, 99, 64, 64, 64, 99, 99, 99, 64
443, 325, 325, 105, 105, 106, 325, 325, 214, 325, 325, 325, 214, 214, 214, 325
925, 214, 214, 106, 106, 107, 214, 214, 108, 214, 214, 214, 108, 211, 211, 214
107, 108, 108, 107, 107, 108, 108, 108, 147, 108, 108, 108, 147, 147, 147, 108
108, 147, 147, 108, 108, 109, 147, 147, 142, 147, 147, 147, 142, 142, 142, 147
336, 142, 142, 109, 109, 110, 142, 142, 111, 142, 142, 142, 111, 111, 111, 142
142, 111, 111, 110, 110, 111, 111, 111, 192, 111, 111, 111, 192, 192, 192, 111
581, 209, 209, 111, 111, 112, 209, 209, 163, 209, 209, 209, 163, 135, 135, 209
349, 135, 135, 112, 112, 113, 135, 135, 194, 135, 135, 135, 194, 194, 194, 135
871, 194, 194, 113, 113, 114, 194, 194, 228, 194, 194, 194, 228, 228, 228, 194
923, 230, 230, 114, 114, 115, 230, 230, 144, 230, 230, 230, 144, 163, 163, 230
434, 144, 144, 115, 115, 116, 144, 144, 165, 144, 144, 144, 165, 114, 114, 144
727, 114, 114, 116, 116, 117, 114, 114, 219, 114, 114, 114, 219, 219, 219, 114
284, 219, 219, 117, 117, 118, 219, 219, 220, 219, 219, 219, 220, 220, 220, 219
546, 220, 220, 118, 118, 119, 220, 220, 39, 220, 220, 220, 41, 143, 143, 220
54, 39, 39, 119, 119, 120, 39, 39, 61, 39, 39, 39, 61, 58, 58, 39
345, 210, 210, 120, 120, 121, 210, 210, 121, 210, 210, 210, 121, 121, 121, 210
121, 121, 121, 121, 121, 122, 121, 121, 122, 121, 121, 121, 122, 122, 122, 121
122, 122, 122, 122, 122, 123, 122, 122, 59, 122, 122, 122, 59, 61, 61, 122
237, 59, 59, 123, 123, 124, 59, 59, 69, 59, 59, 59, 69, 69, 69, 59
89, 69, 69, 124, 124, 125, 69, 69, 75, 69, 69, 69, 75, 75, 75, 69
854, 75, 75, 125, 125, 126, 75, 75, 86, 75, 75, 75, 86, 86, 56, 75
446, 56, 56, 126, 126, 127, 56, 56, 110, 56, 56, 56, 110, 110, 110, 56
169, 110, 110, 127, 127, 128, 110, 110, 101, 110, 110, 110, 101, 101, 101, 110
5, 101, 101, 128, 128, 129, 101, 101, 130, 101, 101, 101, 130, 130, 130, 101
348, 169, 169, 129, 129, 130, 169, 169, 131, 169, 169, 169, 131, 131, 131, 169
130, 131, 131, 130, 130, 131, 131, 131, 181, 131, 131, 131, 181, 181, 181, 131
28, 527, 527, 131, 131, 132, 527, 527, 117, 527, 527, 527, 117, 117, 77, 527
403, 77, 77, 132, 132, 133, 77, 77, 119, 77, 77, 77, 119, 119, 119, 77
483, 119, 119, 133, 133, 134, 119, 119, 270, 119, 119, 119, 270, 270, 270, 119
117, 270, 270, 134, 134, 135, 270, 270, 419, 270, 270, 270, 419, 419, 419, 270
984, 419, 419, 135, 135, 136, 419, 274, 83, 419, 419, 419, 83, 83, 52, 419
238, 52, 52, 136, 136, 137, 52, 52, 205, 52, 52, 52, 205, 205, 205, 52
50, 205, 205, 137, 137, 138, 205, 205, 164, 205, 205, 205, 164, 164, 164, 205
932, 164, 164, 138, 138, 139, 164, 164, 278, 164, 164, 164, 278, 278, 278, 164
908, 363, 363, 139, 139, 140, 363, 363, 264, 363, 363, 363, 264, 264, 264, 363
995, 264, 264, 140, 140, 141, 264, 264, 372, 264, 264, 264, 372, 372, 372, 264
392, 372, 372, 141, 141, 142, 372, 314, 258, 372, 372, 314, 258, 258, 258, 372
863, 258, 258, 142, 142, 143, 258, 258, 276, 258, 258, 258, 276, 276, 276, 258
322, 482, 482, 143, 143, 144, 482, 353, 305, 482, 482, 353, 305, 305, 305, 482
22, 305, 305, 144, 144, 145, 305, 305, 132, 305, 305, 305, 132, 132, 145, 305
432, 132, 132, 145, 145, 146, 132, 132, 178, 132, 132, 132, 178, 178, 178, 132
105, 432, 432, 146, 146, 147, 432, 432, 162, 432, 432, 432, 162, 162, 162, 432
126, 162, 162, 147, 147, 148, 162, 162, 179, 162, 162, 162, 179, 179, 179, 162
148, 179, 179, 148, 148, 149, 179, 179, 239, 179, 179, 179, 239, 239, 239, 179
440, 239, 239, 149, 149, 150, 239, 239, 180, 239, 239, 239, 180, 180, 180, 239
815, 180, 180, 150, 150, 151, 180, 180, 115, 180, 180, 180, 115, 115, 126, 180
402, 115, 115, 151, 151, 152, 115, 115, 202, 115, 115, 115, 202, 202, 202, 115
21, 202, 202, 152, 152, 153, 202, 202, 153, 202, 202, 202, 153, 153, 153, 202
153, 153, 153, 153, 153, 154, 153, 153, 233, 153, 153, 153, 233, 233, 233, 153
430, 170, 170, 154, 154, 155, 170, 170, 430, 170, 170, 170, 430, 430, 430, 170
141, 456, 456, 155, 155, 156, 456, 456, 312, 456, 456, 456, 312, 312, 312, 456
831, 312, 312, 156, 156, 157, 312, 233, 141, 312, 312, 233, 141, 141, 141, 312
20, 141, 141, 157, 157, 158, 141, 141, 138, 141, 141, 141, 138, 138, 138, 141
393, 138, 138, 158, 158, 159, 138, 138, 151, 138, 138, 138, 151, 151, 151, 138
991, 382, 382, 159, 159, 160, 382, 380, 137, 382, 382, 380, 137, 137, 137, 382
409, 137, 137, 160, 160, 161, 137, 137, 116, 137, 137, 137, 116, 116, 116, 137
362, 116, 116, 161, 161, 162, 116, 116, 129, 116, 116, 116, 129, 129, 129, 116
388, 129, 129, 162, 162, 163, 129, 129, 253, 129, 129, 129, 253, 253, 253, 129
454, 381, 381, 163, 163, 164, 381, 329, 223, 381, 381, 329, 223, 223, 223, 381
648, 127, 127, 164, 164, 165, 127, 127, 244, 127, 127, 127, 244, 244, 244, 127
938, 244, 244, 165, 165, 166, 244, 244, 265, 244, 244, 244, 265, 265, 265, 244
137, 265, 265, 166, 166, 167, 265, 265, 309, 265, 265, 265, 309, 309, 309, 265
634, 337, 337, 167, 167, 168, 337, 337, 113, 337, 337, 337, 113, 113, 113, 337
502, 113, 113, 168, 168, 169, 113, 113, 157, 113, 113, 113, 157, 157, 157, 113
113, 157, 157, 169, 169, 170, 157, 157, 120, 157, 157, 157, 120, 120, 120, 157
889, 120, 120, 170, 170, 171, 120, 120, 197, 120, 120, 120, 197, 197, 197, 120
884, 197, 197, 171, 171, 172, 197, 197, 85, 197, 197, 197, 85, 85, 85, 197
499, 85, 85, 172, 172, 173, 85, 85, 255, 85, 85, 85, 255, 255, 255, 85
813, 255, 255, 173, 173, 174, 255, 255, 171, 255, 255, 255, 171, 171, 171, 255
255, 171, 171, 174, 174, 175, 171, 171, 154, 171, 171, 171, 154, 154, 154, 171
175, 154, 154, 175, 175, 176, 154, 154, 176, 154, 154, 154, 176, 176, 176, 154
176, 198, 198, 176, 176, 177, 198, 198, 78, 198, 198, 198, 78, 78, 78, 198
177, 78, 78, 177, 177, 178, 78, 78, 146, 78, 78, 78, 146, 146, 146, 78
66, 91, 91, 178, 178, 179, 91, 91, 175, 91, 91, 91, 175, 175, 175, 91
184, 242, 242, 179, 179, 180, 242, 242, 297, 242, 242, 242, 297, 297, 297, 242
376, 361, 361, 180, 180, 181, 361, 361, 301, 361, 361, 361, 301, 301, 301, 361
208, 301, 301, 181, 181, 182, 301, 301, 208, 301, 301, 301, 208, 208, 208, 301
182, 208, 208, 182, 182, 183, 208, 208, 226, 208, 208, 208, 226, 226, 226, 208
226, 226, 226, 183, 183, 184, 226, 226, 118, 226, 226, 226, 118, 118, 118, 226
45, 118, 118, 184, 184, 185, 118, 118, 173, 118, 118, 118, 173, 173, 173, 118
173, 173, 173, 185, 185, 186, 173, 173, 266, 173, 173, 173, 266, 266, 266, 173
519, 450, 450, 186, 186, 187, 375, 375, 280, 450, 450, 375, 280, 280, 280, 450
963, 280, 280, 187, 187, 188, 280, 280, 225, 280, 280, 280, 225, 225, 225, 280
971, 225, 225, 188, 188, 189, 225, 225, 261, 225, 225, 225, 261, 261, 261, 225
261, 261, 261, 189, 189, 190, 260, 260, 260, 261, 261, 260, 260, 260, 260, 261
200, 200, 200, 190, 190, 191, 200, 200, 306, 200, 200, 200, 306, 306, 306, 200
191, 306, 306, 191, 191, 192, 306, 306, 328, 306, 306, 306, 328, 328, 328, 306
385, 328, 328, 192, 192, 193, 328, 328, 273, 328, 328, 328, 273, 273, 273, 328
76, 273, 273, 193, 193, 194, 273, 273, 191, 273, 273, 273, 191, 191, 191, 273
942, 191, 191, 194, 194, 195, 191, 191, 167, 191, 191, 191, 167, 167, 167, 191
195, 167, 167, 195, 195, 196, 167, 167, 195, 167, 167, 167, 195, 195, 195, 167
196, 195, 195, 196, 196, 197, 195, 195, 133, 195, 195, 195, 133, 133, 133, 195
739, 133, 133, 197, 197, 198, 133, 133, 267, 133, 133, 133, 267, 267, 267, 133
645, 370, 370, 198, 198, 199, 370, 370, 290, 370, 370, 370, 290, 290, 290, 370
125, 290, 290, 199, 199, 200, 174, 174, 80, 290, 290, 174, 80, 80, 80, 290
652, 80, 80, 200, 200, 201, 80, 80, 102, 80, 80, 80, 102, 102, 102, 80
217, 125, 125, 201, 201, 202, 125, 125, 168, 125, 125, 125, 168, 168, 168, 125
6, 217, 217, 202, 202, 203, 217, 217, 522, 217, 217, 217, 522, 522, 522, 217
80, 523, 523, 203, 203, 204, 161, 161, 134, 523, 523, 161, 134, 134, 134, 523
874, 134, 134, 204, 204, 205, 134, 134, 232, 134, 134, 134, 232, 232, 232, 134
109, 232, 232, 205, 205, 206, 204, 204, 107, 232, 232, 204, 107, 107, 107, 232
206, 88, 88, 206, 206, 207, 88, 88, 109, 88, 88, 88, 109, 109, 109, 88
695, 249, 249, 207, 207, 208, 236, 236, 211, 249, 249, 236, 211, 188, 188, 249
64, 188, 188, 208, 208, 209, 188, 188, 199, 188, 188, 188, 199, 199, 199, 188
44, 199, 199, 209, 209, 210, 199, 199, 321, 199, 199, 199, 321, 321, 321, 199
827, 99, 99, 210, 210, 211, 99, 99, 399, 99, 99, 99, 399, 399, 399, 99
211, 399, 399, 211, 211, 212, 399, 399, 443, 399, 399, 399, 443, 443, 443, 399
593, 488, 488, 212, 212, 213, 488, 488, 418, 488, 488, 488, 418, 418, 418, 488
779, 418, 418, 213, 213, 214, 418, 418, 525, 418, 418, 418, 525, 525, 525, 418
921, 525, 525, 214, 214, 215, 525, 525, 343, 525, 525, 525, 343, 343, 343, 525
299, 343, 343, 215, 215, 216, 299, 299, 216, 332, 343, 299, 216, 216, 216, 343
216, 216, 216, 216, 216, 217, 216, 216, 231, 216, 216, 216, 231, 231, 231, 216
251, 435, 435, 217, 217, 218, 435, 435, 156, 435, 435, 435, 156, 156, 156, 435
48, 156, 156, 218, 218, 219, 156, 156, 215, 156, 156, 156, 215, 215, 215, 156
799, 215, 215, 219, 219, 220, 215, 215, 186, 215, 215, 215, 186, 186, 186, 215
193, 186, 186, 220, 220, 221, 186, 186, 159, 186, 186, 186, 159, 159, 159, 186
313, 159, 159, 221, 221, 222, 159, 159, 203, 159, 159, 159, 203, 203, 203, 159
632, 192, 192, 222, 222, 223, 192, 192, 349, 192, 192, 192, 349, 349, 349, 192
307, 349, 349, 223, 223, 224, 349, 349, 227, 349, 349, 349, 227, 227, 227, 349
319, 227, 227, 224, 224, 225, 227, 227, 293, 227, 227, 227, 293, 293, 293, 227
993, 294, 294, 225, 225, 226, 294, 294, 201, 294, 294, 294, 201, 201, 201, 294
369, 201, 201, 226, 226, 227, 201, 201, 369, 201, 201, 201, 369, 369, 369, 201
227, 377, 377, 227, 227, 228, 377, 377, 230, 377, 377, 377, 230, 230, 230, 377
228, 228, 228, 228, 228, 229, 228, 228, 269, 228, 228, 228, 269, 269, 269, 228
696, 269, 269, 229, 229, 230, 269, 269, 384, 269, 269, 269, 384, 384, 384, 269
230, 384, 384, 230, 230, 231, 384, 384, 342, 384, 384, 384, 342, 342, 342, 384
551, 342, 342, 231, 231, 232, 342, 342, 212, 342, 342, 342, 212, 212, 212, 342
437, 212, 212, 232, 232, 233, 212, 212, 183, 212, 212, 212, 183, 165, 165, 212
383, 165, 165, 233, 233, 234, 165, 165, 268, 165, 165, 165, 268, 268, 268, 165
371, 354, 354, 234, 234, 235, 354, 354, 286, 354, 354, 354, 286, 286, 286, 354
728, 286, 286, 235, 235, 236, 286, 286, 433, 286, 286, 286, 433, 433, 433, 286
9, 433, 433, 236, 236, 237, 433, 433, 284, 433, 433, 433, 284, 284, 284, 433
442, 284, 284, 237, 237, 238, 284, 284, 378, 284, 284, 284, 378, 378, 378, 284
212, 378, 378, 238, 238, 239, 250, 250, 143, 378, 378, 250, 143, 183, 183, 378
647, 143, 143, 239, 239, 240, 136, 136, 136, 143, 143, 136, 136, 136, 136, 143
318, 58, 58, 240, 240, 241, 58, 58, 73, 58, 58, 58, 73, 73, 73, 58
241, 406, 406, 241, 241, 242, 318, 318, 241, 406, 406, 318, 241, 241, 241, 406
136, 241, 241, 242, 242, 243, 241, 241, 316, 241, 241, 241, 316, 316, 316, 241
905, 316, 316, 243, 243, 244, 218, 218, 172, 316, 316, 218, 172, 172, 172, 316
333, 172, 172, 244, 244, 245, 172, 172, 140, 172, 172, 172, 140, 140, 140, 172
245, 140, 140, 245, 245, 246, 140, 140, 189, 140, 140, 140, 189, 189, 189, 140
930, 189, 189, 246, 246, 247, 139, 139, 112, 189, 189, 139, 112, 112, 112, 189
922, 112, 112, 247, 247, 248, 112, 112, 103, 112, 112, 112, 103, 103, 103, 112
58, 103, 103, 248, 248, 249, 103, 103, 89, 103, 103, 103, 89, 89, 89, 103
850, 89, 89, 249, 249, 250, 89, 89, 237, 89, 89, 89, 237, 237, 237, 89
263, 237, 237, 250, 250, 251, 237, 237, 252, 237, 237, 237, 252, 252, 252, 237
207, 252, 252, 251, 251, 252, 252, 252, 92, 252, 252, 252, 92, 92, 92, 252
252, 92, 92, 252, 252, 253, 92, 92, 166, 92, 92, 92, 166, 166, 166, 92
75, 207, 207, 253, 253, 254, 207, 207, 160, 207, 207, 207, 160, 160, 160, 207
254, 160, 160, 254, 254, 255, 160, 160, 221, 160, 160, 160, 221, 221, 221, 160
716, 221, 221, 255, 255, 256, 221, 221, 185, 221, 221, 221, 185, 185, 185, 221
86, 185, 185, 256, 256, 257, 185, 185, 247, 185, 185, 185, 247, 247, 247, 185
110, 247, 247, 257, 257, 258, 247, 247, 169, 247, 247, 247, 169, 169, 169, 247
885, 130, 130, 258, 258, 259, 130, 130, 259, 130, 130, 130, 259, 259, 259, 130
259, 259, 259, 259, 259, 260, 259, 259, 291, 259, 259, 259, 291, 291, 291, 259
334, 291, 291, 260, 260, 261, 291, 291, 334, 291, 291, 291, 334, 334, 334, 291
181, 348, 348, 261, 261, 262, 348, 348, 527, 348, 348, 348, 527, 527, 527, 348
262, 181, 181, 262, 262, 263, 181, 181, 262, 181, 181, 181, 262, 262, 262, 181
542, 542, 542, 263, 263, 264, 542, 542, 641, 542, 542, 542, 641, 641, 641, 542
694, 682, 682, 264, 264, 265, 548, 548, 391, 682, 682, 548, 391, 391, 391, 682
23, 391, 391, 265, 265, 266, 391, 391, 403, 391, 391, 391, 403, 403, 403, 391
520, 520, 520, 266, 266, 267, 520, 520, 187, 520, 520, 520, 187, 187, 187, 520
119, 187, 187, 267, 267, 268, 187, 187, 317, 187, 187, 187, 317, 317, 317, 187
317, 317, 317, 268, 268, 269, 317, 317, 415, 317, 317, 317, 415, 415, 415, 317
876, 606, 606, 269, 269, 270, 606, 606, 483, 606, 606, 606, 483, 483, 483, 606
270, 483, 483, 270, 270, 271, 483, 511, 511, 483, 483, 483, 511, 511, 511, 483
640, 511, 511, 271, 271, 272, 511, 543, 543, 511, 511, 511, 543, 543, 543, 511
543, 545, 545, 272, 272, 273, 545, 419, 274, 545, 545, 545, 274, 274, 274, 545
518, 274, 274, 273, 273, 274, 274, 436, 436, 274, 274, 274, 436, 436, 436, 274
274, 518, 518, 274, 274, 275, 518, 366, 366, 518, 518, 518, 366, 366, 366, 518
366, 366, 366, 275, 275, 276, 366, 323, 323, 366, 366, 366, 323, 323, 323, 366
655, 323, 323, 276, 276, 277, 323, 238, 238, 323, 323, 323, 238, 238, 238, 323
13, 238, 238, 277, 277, 278, 238, 278, 363, 238, 238, 238, 363, 363, 363, 238
278, 278, 278, 278, 278, 279, 278, 558, 558, 278, 278, 278, 558, 558, 558, 278
70, 560, 560, 279, 279, 280, 560, 517, 517, 560, 560, 560, 517, 517, 517, 560
363, 517, 517, 280, 280, 281, 517, 688, 688, 517, 517, 688, 688, 688, 688, 517
455, 725, 725, 281, 281, 282, 455, 379, 379, 725, 725, 379, 379, 379, 379, 725
26, 379, 379, 282, 282, 283, 379, 575, 575, 379, 379, 575, 575, 575, 575, 379
575, 575, 575, 283, 283, 284, 474, 392, 392, 575, 575, 392, 392, 392, 392, 575
258, 392, 392, 284, 284, 285, 392, 372, 314, 392, 392, 372, 314, 314, 314, 392
276, 314, 314, 285, 285, 286, 314, 276, 400, 314, 314, 276, 400, 400, 400, 314
829, 276, 276, 286, 286, 287, 276, 444, 444, 276, 276, 444, 444, 444, 444, 276
482, 576, 576, 287, 287, 288, 576, 564, 564, 576, 576, 564, 564, 564, 564, 576
990, 564, 564, 288, 288, 289, 564, 482, 353, 564, 564, 482, 353, 353, 353, 564
910, 353, 353, 289, 289, 290, 353, 322, 322, 353, 353, 322, 322, 322, 322, 353
838, 322, 322, 290, 290, 291, 322, 582, 582, 322, 322, 582, 582, 582, 582, 322
178, 583, 583, 291, 291, 292, 439, 178, 432, 583, 583, 178, 432, 432, 432, 583
292, 178, 178, 292, 292, 293, 178, 292, 292, 178, 178, 292, 292, 292, 292, 178
678, 531, 531, 293, 293, 294, 531, 481, 481, 531, 531, 481, 481, 481, 481, 531
627, 481, 481, 294, 294, 295, 481, 447, 447, 481, 481, 447, 447, 447, 447, 481
162, 447, 447, 295, 295, 296, 447, 373, 373, 447, 447, 373, 373, 373, 373, 447
602, 373, 373, 296, 296, 297, 304, 257, 257, 373, 373, 257, 257, 257, 257, 373
179, 257, 257, 297, 297, 298, 257, 298, 298, 257, 257, 298, 298, 298, 298, 257
298, 298, 298, 298, 298, 299, 298, 358, 358, 298, 298, 358, 358, 358, 358, 298
239, 440, 440, 299, 299, 300, 440, 490, 490, 440, 440, 490, 490, 490, 490, 440
841, 490, 490, 300, 300, 301, 490, 324, 324, 490, 490, 324, 324, 324, 324, 490
872, 324, 324, 301, 301, 302, 324, 559, 559, 324, 324, 559, 559, 559, 559, 324
324, 559, 559, 302, 302, 303, 559, 405, 405, 559, 559, 405, 405, 405, 405, 559
303, 405, 405, 303, 303, 304, 405, 303, 303, 405, 405, 303, 303, 303, 303, 405
649, 303, 303, 304, 304, 305, 303, 402, 402, 303, 303, 402, 402, 402, 402, 303
356, 402, 402, 305, 305, 306, 402, 356, 356, 402, 402, 356, 356, 356, 356, 402
100, 356, 356, 306, 306, 307, 356, 240, 240, 356, 356, 240, 240, 240, 240, 356
149, 240, 240, 307, 307, 308, 240, 573, 573, 240, 240, 573, 573, 573, 573, 240
965, 752, 752, 308, 308, 309, 752, 620, 620, 752, 752, 620, 620, 620, 620, 752
684, 620, 620, 309, 309, 310, 620, 430, 456, 620, 620, 430, 456, 456, 456, 620
170, 430, 430, 310, 310, 311, 430, 503, 503, 430, 430, 503, 503, 503, 503, 430
677, 503, 503, 311, 311, 312, 503, 677, 677, 503, 503, 677, 677, 677, 677, 503
312, 693, 693, 312, 312, 313, 693, 622, 622, 693, 693, 622, 622, 622, 622, 693
622, 622, 622, 313, 313, 314, 622, 413, 413, 622, 622, 413, 413, 413, 413, 622
646, 413, 413, 314, 314, 315, 413, 312, 155, 413, 413, 312, 155, 155, 155, 413
498, 155, 155, 315, 315, 316, 155, 461, 461, 155, 155, 461, 461, 461, 461, 155
155, 498, 498, 316, 316, 317, 498, 360, 360, 498, 498, 360, 360, 360, 360, 498
713, 360, 360, 317, 317, 318, 360, 151, 382, 360, 360, 151, 382, 382, 382, 360
521, 151, 151, 318, 318, 319, 151, 521, 521, 151, 151, 521, 521, 521, 521, 151
781, 639, 639, 319, 319, 320, 639, 496, 496, 639, 639, 496, 496, 496, 496, 639
465, 496, 496, 320, 320, 321, 496, 382, 380, 496, 496, 382, 380, 380, 380, 496
127, 380, 380, 321, 321, 322, 380, 465, 465, 380, 380, 465, 465, 465, 465, 380
467, 467, 467, 322, 322, 323, 467, 388, 388, 467, 467, 388, 388, 388, 388, 467
638, 388, 388, 323, 323, 324, 388, 152, 152, 388, 388, 152, 152, 152, 152, 388
152, 152, 152, 324, 324, 325, 152, 409, 409, 152, 152, 409, 409, 409, 409, 152
595, 409, 409, 325, 325, 326, 409, 253, 381, 409, 409, 253, 381, 381, 381, 409
928, 253, 253, 326, 326, 327, 253, 386, 386, 253, 253, 386, 386, 386, 386, 253
327, 386, 386, 327, 327, 328, 386, 479, 479, 386, 386, 479, 479, 479, 479, 386
386, 529, 529, 328, 328, 329, 529, 381, 329, 529, 529, 381, 329, 329, 329, 529
329, 329, 329, 329, 329, 330, 329, 327, 327, 329, 329, 327, 327, 327, 327, 329
265, 327, 327, 330, 330, 331, 327, 320, 320, 327, 327, 320, 320, 320, 320, 327
320, 320, 320, 331, 331, 332, 320, 351, 351, 320, 320, 351, 351, 351, 351, 320
309, 351, 351, 332, 332, 333, 351, 598, 598, 351, 351, 598, 598, 598, 598, 351
244, 598, 598, 333, 333, 334, 598, 309, 337, 598, 598, 309, 337, 337, 337, 598
93, 309, 309, 334, 334, 335, 309, 571, 571, 309, 309, 571, 571, 571, 571, 309
919, 571, 571, 335, 335, 336, 571, 539, 539, 571, 571, 539, 539, 539, 539, 571
577, 539, 539, 336, 336, 337, 539, 457, 457, 539, 539, 457, 457, 457, 457, 539
337, 457, 457, 337, 337, 338, 457, 338, 338, 457, 457, 338, 338, 338, 338, 457
338, 338, 338, 338, 338, 339, 338, 502, 502, 338, 338, 502, 502, 502, 502, 338
339, 502, 502, 339, 339, 340, 502, 530, 530, 502, 502, 530, 530, 530, 530, 502
565, 530, 530, 340, 340, 341, 530, 565, 565, 530, 530, 565, 565, 565, 565, 530
589, 643, 643, 341, 341, 342, 589, 339, 339, 643, 643, 339, 339, 339, 339, 643
98, 339, 339, 342, 342, 343, 339, 420, 420, 339, 339, 420, 420, 420, 420, 339
536, 420, 420, 343, 343, 344, 420, 302, 302, 420, 420, 302, 302, 302, 302, 420
420, 302, 302, 344, 344, 345, 302, 608, 608, 302, 302, 608, 608, 608, 608, 302
619, 608, 608, 345, 345, 346, 608, 550, 550, 608, 608, 550, 550, 550, 550, 608
608, 550, 550, 346, 346, 347, 550, 499, 499, 550, 550, 499, 499, 499, 499, 550
197, 499, 499, 347, 347, 348, 341, 341, 341, 499, 499, 341, 341, 341, 341, 499
532, 341, 341, 348, 348, 349, 475, 475, 475, 341, 341, 475, 475, 475, 475, 341
475, 475, 475, 349, 349, 350, 687, 687, 687, 475, 475, 687, 687, 687, 687, 475
882, 687, 687, 350, 350, 351, 494, 494, 494, 687, 687, 494, 494, 494, 494, 687
528, 494, 494, 351, 351, 352, 176, 176, 198, 494, 494, 176, 198, 198, 198, 494
310, 176, 176, 352, 352, 353, 310, 310, 310, 176, 176, 310, 310, 310, 310, 176
946, 604, 604, 353, 353, 354, 552, 552, 552, 604, 604, 552, 552, 552, 552, 604
793, 552, 552, 354, 354, 355, 355, 355, 355, 552, 552, 355, 355, 355, 355, 552
355, 355, 355, 355, 355, 356, 146, 146, 182, 355, 355, 146, 182, 182, 182, 355
823, 146, 146, 356, 356, 357, 177, 177, 177, 146, 146, 177, 177, 177, 177, 146
78, 177, 177, 357, 357, 358, 175, 175, 242, 177, 177, 175, 242, 242, 242, 177
67, 175, 175, 358, 358, 359, 376, 376, 376, 175, 175, 376, 376, 376, 376, 175
787, 376, 376, 359, 359, 360, 297, 297, 361, 376, 376, 297, 361, 361, 361, 376
71, 297, 297, 360, 360, 361, 331, 331, 331, 297, 297, 331, 331, 331, 331, 297
361, 723, 723, 361, 361, 362, 431, 431, 431, 723, 723, 431, 431, 431, 431, 723
702, 431, 431, 362, 362, 363, 459, 459, 459, 431, 431, 459, 459, 459, 459, 431
672, 459, 459, 363, 363, 364, 563, 563, 563, 459, 459, 563, 563, 563, 563, 459
301, 672, 672, 364, 364, 365, 365, 365, 365, 672, 672, 365, 365, 365, 365, 672
365, 365, 365, 365, 365, 366, 410, 410, 410, 365, 365, 410, 410, 410, 410, 365
562, 410, 410, 366, 366, 367, 374, 374, 374, 410, 410, 374, 374, 374, 374, 410
374, 374, 374, 367, 367, 368, 445, 445, 445, 374, 374, 445, 445, 445, 445, 374
837, 699, 699, 368, 368, 369, 288, 288, 288, 699, 699, 288, 288, 288, 288, 699
288, 288, 288, 369, 369, 370, 350, 350, 350, 288, 288, 350, 350, 350, 350, 288
397, 350, 350, 370, 370, 371, 397, 397, 397, 350, 350, 397, 397, 397, 397, 350
266, 407, 407, 371, 371, 372, 266, 266, 450, 407, 407, 266, 450, 450, 450, 407
34, 266, 266, 372, 372, 373, 412, 412, 412, 266, 266, 412, 412, 412, 412, 266
926, 466, 466, 373, 373, 374, 458, 458, 458, 466, 466, 458, 458, 458, 458, 466
466, 458, 458, 374, 374, 375, 450, 450, 375, 458, 458, 450, 375, 375, 375, 458
375, 375, 375, 375, 375, 376, 690, 690, 690, 375, 375, 690, 690, 690, 690, 375
280, 753, 753, 376, 376, 377, 566, 566, 566, 753, 753, 566, 566, 566, 566, 753
566, 566, 566, 377, 377, 378, 346, 346, 346, 566, 566, 346, 346, 346, 346, 566
821, 346, 346, 378, 378, 379, 340, 340, 340, 346, 346, 340, 340, 340, 340, 346
340, 340, 340, 379, 379, 380, 427, 427, 427, 340, 340, 427, 427, 427, 427, 340
427, 427, 427, 380, 380, 381, 261, 261, 282, 427, 427, 261, 282, 282, 282, 427
594, 260, 260, 381, 381, 382, 401, 401, 401, 260, 260, 401, 401, 401, 401, 260
401, 401, 401, 382, 382, 383, 766, 766, 766, 401, 401, 766, 766, 766, 766, 401
843, 767, 767, 383, 383, 384, 347, 347, 347, 767, 767, 347, 347, 347, 347, 767
347, 347, 347, 384, 384, 385, 508, 508, 508, 347, 347, 508, 508, 508, 508, 347
508, 508, 508, 385, 385, 386, 385, 385, 385, 508, 508, 385, 385, 385, 385, 508
328, 385, 385, 386, 386, 387, 367, 367, 367, 385, 385, 367, 367, 367, 367, 385
471, 367, 367, 387, 387, 388, 277, 277, 277, 367, 367, 277, 277, 277, 277, 367
367, 277, 277, 388, 388, 389, 390, 390, 390, 277, 277, 390, 390, 390, 390, 277
654, 390, 390, 389, 389, 390, 246, 246, 246, 390, 390, 246, 246, 246, 246, 390
390, 246, 246, 390, 390, 391, 315, 315, 315, 246, 246, 315, 315, 315, 315, 246
951, 315, 315, 391, 391, 392, 196, 196, 196, 315, 315, 196, 196, 196, 196, 315
158, 196, 196, 392, 392, 393, 344, 344, 344, 196, 196, 344, 344, 344, 344, 196
344, 344, 344, 393, 393, 394, 285, 285, 285, 330, 344, 285, 285, 285, 285, 344
133, 285, 285, 394, 394, 395, 404, 404, 404, 285, 285, 404, 404, 404, 404, 285
267, 404, 404, 395, 395, 396, 267, 267, 370, 404, 404, 267, 370, 370, 370, 404
404, 267, 267, 396, 396, 397, 311, 311, 311, 267, 267, 311, 311, 311, 311, 267
370, 514, 514, 397, 397, 398, 398, 398, 398, 497, 514, 398, 398, 398, 398, 514
398, 398, 398, 398, 398, 399, 703, 703, 703, 398, 398, 703, 703, 703, 703, 398
703, 703, 703, 399, 399, 400, 389, 389, 389, 703, 703, 389, 389, 389, 389, 703
807, 389, 389, 400, 400, 401, 290, 290, 174, 389, 389, 290, 174, 174, 174, 389
840, 174, 174, 401, 401, 402, 102, 102, 125, 174, 174, 102, 125, 125, 125, 174
290, 102, 102, 402, 402, 403, 224, 224, 224, 102, 102, 224, 224, 224, 224, 102
256, 224, 224, 403, 403, 404, 168, 168, 217, 224, 224, 168, 217, 217, 217, 224
168, 168, 168, 404, 404, 405, 289, 289, 289, 168, 168, 289, 289, 289, 289, 168
289, 289, 289, 405, 405, 406, 522, 522, 523, 289, 289, 522, 523, 523, 523, 289
964, 522, 522, 406, 406, 407, 790, 790, 790, 522, 522, 790, 790, 790, 790, 522
976, 790, 790, 407, 407, 408, 783, 783, 783, 790, 790, 783, 783, 783, 783, 790
790, 783, 783, 408, 408, 409, 523, 523, 161, 783, 783, 523, 161, 161, 161, 783
567, 161, 161, 409, 409, 410, 567, 567, 567, 161, 161, 567, 567, 567, 567, 161
161, 567, 567, 410, 410, 411, 359, 359, 359, 567, 567, 359, 359, 359, 359, 567
585, 359, 359, 411, 411, 412, 469, 469, 469, 359, 359, 469, 469, 469, 469, 359
808, 469, 469, 412, 412, 413, 232, 232, 204, 469, 469, 232, 204, 204, 204, 469
283, 204, 204, 413, 413, 414, 109, 109, 206, 204, 204, 109, 206, 206, 206, 204
84, 109, 109, 414, 414, 415, 190, 190, 190, 109, 109, 190, 190, 190, 190, 109
188, 352, 352, 415, 415, 416, 300, 300, 300, 352, 352, 300, 300, 300, 300, 352
424, 300, 300, 416, 416, 417, 249, 249, 236, 300, 300, 249, 236, 236, 236, 300
828, 236, 236, 417, 417, 418, 507, 507, 507, 236, 236, 507, 507, 507, 507, 236
33, 695, 695, 418, 418, 419, 698, 698, 698, 695, 695, 698, 698, 698, 698, 695
747, 747, 747, 419, 419, 420, 321, 321, 325, 570, 747, 321, 325, 325, 325, 747
321, 321, 321, 420, 420, 421, 615, 615, 615, 321, 321, 615, 615, 615, 615, 321
615, 615, 615, 421, 421, 422, 658, 658, 658, 615, 615, 658, 658, 658, 658, 615
658, 658, 658, 422, 422, 423, 423, 423, 423, 658, 658, 423, 423, 423, 423, 658
423, 423, 423, 423, 423, 424, 443, 443, 488, 423, 423, 443, 488, 488, 488, 423
399, 443, 443, 424, 424, 425, 513, 513, 513, 443, 443, 513, 513, 513, 513, 443
524, 593, 593, 425, 425, 426, 524, 524, 524, 593, 593, 524, 524, 524, 524, 593
916, 524, 524, 426, 426, 427, 686, 686, 686, 524, 524, 686, 686, 686, 686, 524
590, 686, 686, 427, 427, 428, 590, 590, 590, 686, 686, 590, 590, 590, 590, 686
686, 590, 590, 428, 428, 429, 663, 663, 663, 590, 590, 663, 663, 663, 663, 590
998, 706, 706, 429, 429, 430, 628, 628, 628, 706, 706, 628, 628, 628, 628, 706
706, 628, 628, 430, 430, 431, 630, 630, 630, 628, 628, 630, 630, 630, 630, 628
630, 630, 630, 431, 431, 432, 501, 501, 501, 630, 630, 501, 501, 501, 501, 630
782, 501, 501, 432, 432, 433, 332, 332, 299, 343, 501, 332, 299, 299, 299, 501
275, 299, 299, 433, 433, 434, 231, 231, 275, 275, 299, 231, 275, 275, 275, 299
94, 231, 231, 434, 434, 435, 452, 452, 452, 231, 231, 452, 452, 452, 452, 231
435, 452, 452, 435, 435, 436, 526, 526, 526, 452, 452, 526, 526, 526, 526, 452
961, 526, 526, 436, 436, 437, 697, 697, 697, 526, 526, 697, 697, 697, 697, 526
715, 697, 697, 437, 437, 438, 251, 251, 251, 618, 697, 251, 251, 251, 251, 697
438, 251, 251, 438, 438, 439, 438, 438, 438, 251, 251, 438, 438, 438, 438, 251
999, 462, 462, 439, 439, 440, 364, 364, 364, 462, 462, 364, 364, 364, 364, 462
468, 364, 364, 440, 440, 441, 572, 572, 572, 364, 364, 572, 572, 572, 572, 364
441, 799, 799, 441, 441, 442, 193, 193, 193, 535, 799, 193, 193, 193, 193, 799
40, 193, 193, 442, 442, 443, 313, 313, 313, 193, 193, 313, 313, 313, 313, 193
213, 313, 313, 443, 443, 444, 203, 203, 209, 313, 313, 203, 209, 209, 209, 313
492, 203, 203, 444, 444, 445, 213, 213, 213, 203, 203, 213, 213, 213, 213, 203
159, 213, 213, 445, 445, 446, 429, 429, 429, 213, 213, 429, 429, 429, 429, 213
734, 734, 734, 446, 446, 447, 493, 493, 493, 734, 734, 493, 493, 493, 493, 734
798, 493, 493, 447, 447, 448, 448, 448, 448, 493, 493, 448, 448, 448, 448, 493
448, 448, 448, 448, 448, 449, 581, 581, 581, 448, 448, 581, 581, 581, 581, 448
449, 581, 581, 449, 449, 450, 293, 293, 294, 580, 581, 293, 294, 294, 294, 580
580, 293, 293, 450, 450, 451, 449, 449, 449, 293, 293, 449, 449, 449, 449, 293
614, 614, 614, 451, 451, 452, 319, 319, 319, 614, 614, 319, 319, 319, 319, 614
637, 319, 319, 452, 452, 453, 591, 591, 591, 319, 319, 591, 591, 591, 591, 319
453, 591, 591, 453, 453, 454, 369, 369, 377, 591, 591, 369, 377, 377, 377, 591
163, 369, 369, 454, 454, 455, 453, 453, 453, 369, 369, 453, 453, 453, 453, 369
883, 661, 661, 455, 455, 456, 717, 717, 717, 661, 661, 717, 717, 717, 717, 661
661, 717, 717, 456, 456, 457, 603, 603, 603, 717, 717, 603, 603, 603, 603, 717
135, 603, 603, 457, 457, 458, 307, 307, 307, 495, 495, 307, 307, 307, 307, 495
194, 307, 307, 458, 458, 459, 326, 326, 326, 307, 307, 326, 326, 326, 326, 307
977, 586, 586, 459, 459, 460, 578, 578, 578, 586, 586, 578, 578, 578, 578, 586
680, 578, 578, 460, 460, 461, 484, 484, 484, 578, 578, 484, 484, 484, 484, 578
544, 484, 484, 461, 461, 462, 544, 544, 544, 484, 484, 544, 544, 544, 544, 484
931, 631, 631, 462, 462, 463, 464, 464, 464, 631, 631, 464, 464, 464, 464, 631
463, 464, 464, 463, 463, 464, 411, 411, 411, 464, 464, 411, 411, 411, 411, 464
464, 411, 411, 464, 464, 465, 463, 463, 463, 411, 411, 463, 463, 463, 463, 411
411, 463, 463, 465, 465, 466, 533, 533, 533, 463, 463, 533, 533, 533, 533, 463
849, 533, 533, 466, 466, 467, 368, 368, 368, 533, 533, 368, 368, 368, 368, 533
41, 368, 368, 467, 467, 468, 268, 268, 354, 368, 368, 268, 354, 354, 354, 368
268, 268, 268, 468, 468, 469, 271, 271, 271, 268, 268, 271, 271, 271, 271, 268
394, 416, 416, 469, 469, 470, 394, 394, 394, 416, 416, 394, 394, 394, 394, 416
541, 394, 394, 470, 470, 471, 541, 541, 541, 394, 394, 541, 541, 541, 541, 394
509, 890, 890, 471, 471, 472, 434, 434, 434, 800, 800, 434, 434, 434, 434, 800
800, 434, 434, 472, 472, 473, 509, 509, 509, 434, 434, 509, 509, 509, 509, 434
804, 692, 692, 473, 473, 474, 477, 477, 477, 692, 692, 477, 477, 477, 477, 692
915, 477, 477, 474, 474, 475, 505, 505, 505, 477, 477, 505, 505, 505, 505, 477
899, 505, 505, 475, 475, 476, 540, 540, 540, 505, 505, 540, 540, 540, 540, 505
219, 540, 540, 476, 476, 477, 442, 442, 442, 476, 476, 442, 442, 442, 442, 476
476, 442, 442, 477, 477, 478, 396, 396, 396, 442, 442, 396, 396, 396, 396, 442
623, 396, 396, 478, 478, 479, 378, 378, 250, 396, 396, 378, 250, 250, 250, 396
250, 250, 250, 479, 479, 480, 150, 150, 210, 250, 250, 150, 210, 210, 210, 250
480, 150, 150, 480, 480, 481, 143, 143, 150, 150, 150, 143, 150, 150, 150, 150
609, 136, 136, 481, 481, 482, 73, 73, 287, 136, 136, 73, 287, 287, 287, 136
287, 73, 73, 482, 482, 483, 421, 421, 421, 73, 73, 421, 421, 421, 421, 73
421, 421, 421, 483, 483, 484, 472, 472, 472, 421, 421, 472, 472, 472, 472, 421
924, 924, 924, 484, 484, 485, 406, 406, 318, 891, 891, 406, 318, 318, 318, 891
210, 318, 318, 485, 485, 486, 428, 428, 428, 318, 318, 428, 428, 428, 428, 318
486, 428, 428, 486, 486, 487, 333, 333, 333, 428, 428, 333, 333, 333, 333, 428
56, 333, 333, 487, 487, 488, 515, 515, 515, 333, 333, 515, 515, 515, 515, 333
853, 515, 515, 488, 488, 489, 316, 316, 218, 515, 515, 316, 218, 218, 218, 515
633, 218, 218, 489, 489, 490, 281, 281, 281, 218, 218, 281, 281, 281, 281, 218
172, 281, 281, 490, 490, 491, 229, 229, 229, 279, 279, 229, 229, 229, 229, 279
279, 229, 229, 491, 491, 492, 222, 222, 222, 229, 229, 222, 222, 222, 222, 229
222, 222, 222, 492, 492, 493, 426, 426, 426, 222, 222, 426, 426, 426, 426, 222
235, 930, 930, 493, 493, 494, 234, 234, 234, 387, 387, 234, 234, 234, 234, 387
387, 234, 234, 494, 494, 495, 189, 189, 139, 234, 234, 189, 139, 139, 139, 234
414, 139, 139, 495, 495, 496, 414, 414, 414, 139, 139, 414, 414, 414, 414, 139
996, 664, 664, 496, 496, 497, 803, 803, 803, 664, 664, 803, 803, 803, 803, 664
947, 881, 881, 497, 497, 498, 357, 357, 357, 880, 880, 357, 357, 357, 357, 880
357, 357, 357, 498, 498, 499, 500, 500, 500, 357, 357, 500, 500, 500, 500, 357
877, 500, 500, 499, 499, 500, 850, 850, 850, 500, 500, 850, 850, 850, 850, 500
500, 850, 850, 500, 500, 501, 756, 756, 756, 850, 850, 756, 756, 756, 756, 850
756, 756, 756, 501, 501, 502, 263, 263, 263, 756, 756, 263, 263, 263, 263, 756
14, 263, 263, 502, 502, 503, 854, 854, 854, 263, 263, 854, 854, 854, 854, 263
166, 854, 854, 503, 503, 504, 296, 296, 296, 854, 854, 296, 296, 296, 296, 854
296, 296, 296, 504, 504, 505, 446, 446, 446, 296, 296, 446, 446, 446, 446, 296
18, 446, 446, 505, 505, 506, 166, 166, 207, 446, 446, 166, 207, 207, 207, 446
92, 166, 166, 506, 506, 507, 763, 763, 763, 166, 166, 763, 763, 763, 763, 166
160, 763, 763, 507, 507, 508, 917, 917, 917, 763, 763, 917, 917, 917, 917, 763
917, 917, 917, 508, 508, 509, 254, 254, 254, 917, 917, 254, 254, 254, 254, 917
243, 254, 254, 509, 509, 510, 243, 243, 243, 254, 254, 243, 243, 243, 243, 254
7, 243, 243, 510, 510, 511, 957, 957, 957, 243, 243, 957, 957, 957, 957, 243
185, 957, 957, 511, 511, 512, 512, 512, 512, 957, 957, 512, 512, 512, 512, 957
512, 512, 512, 512, 512, 513, 716, 716, 716, 512, 512, 716, 716, 716, 716, 512
625, 716, 716, 513, 513, 514, 625, 625, 625, 716, 716, 625, 625, 625, 625, 716
101, 625, 625, 514, 514, 515, 729, 729, 729, 625, 625, 729, 729, 729, 729, 625
247, 729, 729, 515, 515, 516, 295, 295, 295, 729, 729, 295, 295, 295, 295, 729
295, 295, 295, 516, 516, 517, 885, 885, 885, 295, 295, 885, 885, 885, 885, 295
624, 885, 885, 517, 517, 518, 624, 624, 624, 885, 885, 624, 624, 624, 624, 885
11, 624, 624, 518, 518, 519, 759, 759, 759, 624, 624, 759, 759, 759, 759, 624
131, 759, 759, 519, 519, 520, 308, 308, 308, 759, 759, 308, 308, 308, 308, 759
308, 308, 308, 520, 520, 521, 750, 750, 750, 308, 308, 750, 750, 750, 750, 308
750, 750, 750, 521, 521, 522, 334, 334, 348, 750, 750, 334, 348, 348, 348, 750
291, 334, 334, 522, 522, 523, 940, 940, 940, 334, 334, 940, 940, 940, 940, 334
940, 940, 940, 523, 523, 524, 939, 939, 939, 940, 940, 939, 939, 939, 939, 940
939, 939, 939, 524, 524, 525, 824, 824, 824, 939, 939, 824, 824, 824, 824, 939
824, 824, 824, 525, 525, 526, 262, 262, 542, 824, 824, 262, 542, 542, 542, 824
19, 262, 262, 526, 526, 527, 557, 557, 557, 262, 262, 557, 557, 557, 557, 262
527, 557, 557, 527, 527, 528, 641, 641, 682, 557, 557, 641, 682, 682, 682, 557
641, 641, 641, 528, 528, 529, 818, 818, 818, 641, 641, 818, 818, 818, 818, 641
818, 818, 818, 529, 529, 530, 694, 694, 694, 818, 818, 694, 694, 694, 694, 818
682, 694, 694, 530, 530, 531, 682, 682, 548, 694, 694, 682, 548, 548, 548, 694
391, 548, 548, 531, 531, 532, 403, 403, 520, 548, 548, 403, 520, 520, 520, 548
77, 403, 403, 532, 532, 533, 980, 980, 980, 403, 403, 980, 980, 980, 980, 403
980, 980, 980, 533, 533, 534, 605, 605, 605, 980, 980, 605, 605, 605, 605, 980
605, 605, 605, 534, 534, 535, 685, 685, 685, 605, 605, 685, 685, 685, 685, 605
187, 685, 685, 535, 535, 536, 491, 491, 491, 685, 685, 491, 491, 491, 491, 685
491, 491, 491, 536, 536, 537, 537, 537, 537, 491, 491, 537, 537, 537, 537, 491
537, 537, 537, 537, 537, 538, 415, 415, 606, 537, 537, 415, 606, 606, 606, 537
415, 415, 415, 538, 538, 539, 876, 876, 876, 415, 415, 876, 876, 876, 876, 415
788, 876, 876, 539, 539, 540, 788, 788, 788, 876, 876, 788, 788, 788, 788, 876
606, 788, 788, 540, 540, 541, 868, 868, 868, 788, 788, 868, 868, 868, 868, 788
868, 868, 868, 541, 541, 542, 538, 538, 538, 868, 868, 538, 538, 538, 538, 868
538, 538, 538, 542, 542, 543, 984, 984, 984, 538, 538, 984, 984, 984, 984, 538
511, 984, 984, 543, 543, 544, 543, 545, 545, 984, 984, 543, 545, 545, 545, 984
419, 543, 543, 544, 544, 545, 640, 640, 640, 543, 543, 640, 640, 640, 640, 543
545, 640, 640, 545, 545, 546, 822, 822, 822, 640, 640, 822, 822, 822, 822, 640
822, 822, 822, 546, 546, 547, 906, 906, 906, 822, 822, 906, 906, 906, 906, 822
52, 906, 906, 547, 547, 548, 436, 518, 518, 906, 906, 436, 518, 518, 518, 906
49, 436, 436, 548, 548, 549, 549, 549, 549, 436, 436, 549, 549, 549, 549, 436
549, 549, 549, 549, 549, 550, 858, 858, 858, 549, 549, 858, 858, 858, 858, 549
858, 858, 858, 550, 550, 551, 819, 819, 819, 858, 858, 819, 819, 819, 819, 858
819, 819, 819, 551, 551, 552, 592, 592, 592, 819, 819, 592, 592, 592, 592, 819
323, 592, 592, 552, 552, 553, 655, 655, 655, 592, 592, 655, 655, 655, 655, 592
83, 655, 655, 553, 553, 554, 554, 554, 554, 655, 655, 554, 554, 554, 554, 655
554, 554, 554, 554, 554, 555, 932, 932, 932, 554, 554, 932, 932, 932, 932, 554
164, 932, 932, 555, 555, 556, 556, 556, 556, 932, 932, 556, 556, 556, 556, 932
556, 556, 556, 556, 556, 557, 659, 659, 659, 556, 556, 659, 659, 659, 659, 556
659, 659, 659, 557, 557, 558, 558, 560, 560, 659, 659, 558, 560, 560, 560, 659
558, 558, 558, 558, 558, 559, 913, 913, 913, 558, 558, 913, 913, 913, 913, 558
913, 913, 913, 559, 559, 560, 908, 908, 908, 913, 913, 908, 908, 908, 908, 913
560, 908, 908, 560, 560, 561, 879, 879, 879, 908, 908, 879, 879, 879, 879, 908
517, 879, 879, 561, 561, 562, 688, 725, 725, 879, 879, 725, 725, 725, 725, 879
688, 688, 688, 562, 562, 563, 995, 995, 995, 688, 688, 995, 995, 995, 995, 688
978, 995, 995, 563, 563, 564, 978, 978, 978, 995, 995, 978, 978, 978, 978, 995
725, 978, 978, 564, 564, 565, 725, 455, 455, 978, 978, 455, 455, 455, 455, 978
379, 455, 455, 565, 565, 566, 833, 833, 833, 455, 455, 833, 833, 833, 833, 455
833, 833, 833, 566, 566, 567, 629, 629, 629, 833, 833, 629, 629, 629, 629, 833
629, 629, 629, 567, 567, 568, 866, 866, 866, 629, 629, 866, 866, 866, 866, 629
866, 866, 866, 568, 568, 569, 575, 474, 474, 866, 866, 474, 474, 474, 474, 866
474, 474, 474, 569, 569, 570, 478, 478, 478, 474, 474, 478, 478, 478, 478, 474
478, 478, 478, 570, 570, 571, 863, 863, 863, 478, 478, 863, 863, 863, 863, 478
314, 863, 863, 571, 571, 572, 400, 400, 482, 863, 863, 400, 482, 482, 482, 863
400, 400, 400, 572, 572, 573, 829, 829, 829, 400, 400, 829, 829, 829, 829, 400
68, 829, 829, 573, 573, 574, 444, 576, 576, 829, 829, 576, 576, 576, 576, 829
444, 444, 444, 574, 574, 575, 791, 791, 791, 444, 444, 791, 791, 791, 791, 444
596, 791, 791, 575, 575, 576, 596, 596, 596, 791, 791, 596, 596, 596, 596, 791
576, 596, 596, 576, 576, 577, 990, 990, 990, 596, 596, 990, 990, 990, 990, 596
653, 990, 990, 577, 577, 578, 653, 653, 653, 990, 990, 653, 653, 653, 653, 990
564, 653, 653, 578, 578, 579, 910, 910, 910, 653, 653, 910, 910, 910, 910, 653
145, 910, 910, 579, 579, 580, 644, 644, 644, 910, 910, 644, 644, 644, 644, 910
644, 644, 644, 580, 580, 581, 838, 838, 838, 644, 644, 838, 838, 838, 838, 644
305, 838, 838, 581, 581, 582, 582, 583, 583, 838, 838, 583, 583, 583, 583, 838
582, 582, 582, 582, 582, 583, 802, 802, 802, 582, 582, 802, 802, 802, 802, 582
583, 802, 802, 583, 583, 584, 635, 635, 635, 802, 802, 635, 635, 635, 635, 802
635, 635, 635, 584, 584, 585, 583, 439, 439, 635, 635, 439, 439, 439, 439, 635
439, 439, 439, 585, 585, 586, 292, 531, 531, 439, 439, 531, 531, 531, 531, 439
132, 292, 292, 586, 586, 587, 678, 678, 678, 292, 292, 678, 678, 678, 678, 292
531, 678, 678, 587, 587, 588, 754, 754, 754, 678, 678, 754, 754, 754, 754, 678
754, 754, 754, 588, 588, 589, 683, 683, 683, 754, 754, 683, 683, 683, 683, 754
683, 683, 683, 589, 589, 590, 627, 627, 627, 683, 683, 627, 627, 627, 627, 683
481, 627, 627, 590, 590, 591, 487, 487, 487, 627, 627, 487, 487, 487, 487, 627
487, 487, 487, 591, 591, 592, 955, 955, 955, 487, 487, 955, 955, 955, 955, 487
955, 955, 955, 592, 592, 593, 602, 602, 602, 955, 955, 602, 602, 602, 602, 955
373, 602, 602, 593, 593, 594, 860, 860, 860, 602, 602, 860, 860, 860, 860, 602
860, 860, 860, 594, 594, 595, 373, 304, 304, 860, 860, 304, 304, 304, 304, 860
304, 304, 304, 595, 595, 596, 749, 749, 749, 304, 304, 749, 749, 749, 749, 304
749, 749, 749, 596, 596, 597, 597, 597, 597, 749, 749, 597, 597, 597, 597, 749
597, 597, 597, 597, 597, 598, 358, 440, 440, 597, 597, 440, 440, 440, 440, 597
358, 358, 358, 598, 598, 599, 857, 857, 857, 358, 358, 857, 857, 857, 857, 358
180, 857, 857, 599, 599, 600, 600, 600, 600, 857, 857, 600, 600, 600, 600, 857
600, 600, 600, 600, 600, 601, 841, 841, 841, 600, 600, 841, 841, 841, 841, 600
490, 841, 841, 601, 601, 602, 504, 504, 504, 841, 841, 504, 504, 504, 504, 841
504, 504, 504, 602, 602, 603, 872, 872, 872, 504, 504, 872, 872, 872, 872, 504
768, 872, 872, 603, 603, 604, 768, 768, 768, 872, 872, 768, 768, 768, 768, 872
87, 768, 768, 604, 604, 605, 815, 815, 815, 768, 768, 815, 815, 815, 815, 768
559, 815, 815, 605, 605, 606, 705, 705, 705, 815, 815, 705, 705, 705, 705, 815
705, 705, 705, 606, 606, 607, 704, 704, 704, 705, 705, 704, 704, 704, 704, 705
607, 704, 704, 607, 607, 608, 607, 607, 607, 704, 704, 607, 607, 607, 607, 704
405, 607, 607, 608, 608, 609, 649, 649, 649, 607, 607, 649, 649, 649, 649, 607
451, 649, 649, 609, 609, 610, 451, 451, 451, 649, 649, 451, 451, 451, 451, 649
115, 451, 451, 610, 610, 611, 611, 611, 611, 451, 451, 611, 611, 611, 611, 451
611, 611, 611, 611, 611, 612, 561, 561, 561, 611, 611, 561, 561, 561, 561, 611
561, 561, 561, 612, 612, 613, 613, 613, 613, 561, 561, 613, 613, 613, 613, 561
613, 613, 613, 613, 613, 614, 830, 830, 830, 613, 613, 830, 830, 830, 830, 613
830, 830, 830, 614, 614, 615, 981, 981, 981, 830, 830, 981, 981, 981, 981, 830
981, 981, 981, 615, 615, 616, 573, 752, 752, 981, 981, 752, 752, 752, 752, 981
240, 573, 573, 616, 616, 617, 965, 965, 965, 573, 573, 965, 965, 965, 965, 573
752, 965, 965, 617, 617, 618, 842, 842, 842, 965, 965, 842, 842, 842, 842, 965
842, 842, 842, 618, 618, 619, 844, 844, 844, 842, 842, 844, 844, 844, 844, 842
844, 844, 844, 619, 619, 620, 684, 684, 684, 844, 844, 684, 684, 684, 684, 844
620, 684, 684, 620, 620, 621, 758, 758, 758, 684, 684, 758, 758, 758, 758, 684
758, 758, 758, 621, 621, 622, 989, 989, 989, 758, 758, 989, 989, 989, 989, 758
989, 989, 989, 622, 622, 623, 895, 895, 895, 989, 989, 895, 895, 895, 895, 989
503, 895, 895, 623, 623, 624, 677, 693, 693, 895, 895, 693, 693, 693, 693, 895
456, 677, 677, 624, 624, 625, 746, 746, 746, 677, 677, 746, 746, 746, 746, 677
746, 746, 746, 625, 625, 626, 771, 771, 771, 746, 746, 771, 771, 771, 771, 746
771, 771, 771, 626, 626, 627, 983, 983, 983, 771, 771, 983, 983, 983, 983, 771
983, 983, 983, 627, 627, 628, 831, 831, 831, 983, 983, 831, 831, 831, 831, 983
413, 831, 831, 628, 628, 629, 646, 646, 646, 831, 831, 646, 646, 646, 646, 831
574, 646, 646, 629, 629, 630, 574, 574, 574, 646, 646, 574, 574, 574, 574, 646
233, 574, 574, 630, 630, 631, 887, 887, 887, 574, 574, 887, 887, 887, 887, 574
461, 887, 887, 631, 631, 632, 461, 498, 498, 887, 887, 498, 498, 498, 498, 887
128, 461, 461, 632, 632, 633, 933, 933, 933, 461, 461, 933, 933, 933, 933, 461
933, 933, 933, 633, 633, 634, 945, 945, 945, 933, 933, 945, 945, 945, 945, 933
945, 945, 945, 634, 634, 635, 713, 713, 713, 945, 945, 713, 713, 713, 713, 945
360, 713, 713, 635, 635, 636, 393, 393, 393, 713, 713, 393, 393, 393, 393, 713
151, 393, 393, 636, 636, 637, 784, 784, 784, 393, 393, 784, 784, 784, 784, 393
784, 784, 784, 637, 637, 638, 521, 639, 639, 784, 784, 639, 639, 639, 639, 784
138, 521, 521, 638, 638, 639, 991, 991, 991, 521, 521, 991, 991, 991, 991, 521
639, 991, 991, 639, 639, 640, 642, 642, 642, 991, 991, 642, 642, 642, 642, 991
510, 642, 642, 640, 640, 641, 781, 781, 781, 642, 642, 781, 781, 781, 781, 642
17, 781, 781, 641, 641, 642, 510, 510, 510, 781, 781, 510, 510, 510, 510, 781
496, 510, 510, 642, 642, 643, 851, 851, 851, 510, 510, 851, 851, 851, 851, 510
380, 851, 851, 643, 643, 644, 465, 467, 467, 851, 851, 467, 467, 467, 467, 851
2, 465, 465, 644, 644, 645, 489, 489, 489, 465, 465, 489, 489, 489, 489, 465
489, 489, 489, 645, 645, 646, 852, 852, 852, 489, 489, 852, 852, 852, 852, 489
852, 852, 852, 646, 646, 647, 742, 742, 742, 852, 852, 742, 742, 742, 742, 852
38, 742, 742, 647, 647, 648, 555, 555, 555, 742, 742, 555, 555, 555, 555, 742
555, 555, 555, 648, 648, 649, 954, 954, 954, 555, 555, 954, 954, 954, 954, 555
954, 954, 954, 649, 649, 650, 638, 638, 638, 954, 954, 638, 638, 638, 638, 954
116, 638, 638, 650, 650, 651, 595, 595, 595, 638, 638, 595, 595, 595, 595, 638
460, 595, 595, 651, 651, 652, 460, 460, 460, 595, 595, 460, 460, 460, 460, 595
253, 460, 460, 652, 652, 653, 928, 928, 928, 460, 460, 928, 928, 928, 928, 460
757, 928, 928, 653, 653, 654, 757, 757, 757, 928, 928, 757, 757, 757, 757, 928
129, 757, 757, 654, 654, 655, 736, 736, 736, 757, 757, 736, 736, 736, 736, 757
381, 736, 736, 655, 655, 656, 479, 529, 529, 736, 736, 529, 529, 529, 529, 736
479, 479, 479, 656, 656, 657, 657, 657, 657, 479, 479, 657, 657, 657, 657, 479
657, 657, 657, 657, 657, 658, 651, 651, 651, 657, 657, 651, 651, 651, 651, 657
651, 651, 651, 658, 658, 659, 648, 648, 648, 651, 651, 648, 648, 648, 648, 651
74, 648, 648, 659, 659, 660, 681, 681, 681, 648, 648, 681, 681, 681, 681, 648
681, 681, 681, 660, 660, 661, 714, 714, 714, 681, 681, 714, 714, 714, 714, 681
714, 714, 714, 661, 661, 662, 362, 362, 362, 714, 714, 362, 362, 362, 362, 714
32, 362, 362, 662, 662, 663, 938, 938, 938, 362, 362, 938, 938, 938, 938, 362
859, 938, 938, 663, 663, 664, 859, 859, 859, 938, 938, 859, 859, 859, 859, 938
223, 859, 859, 664, 664, 665, 454, 454, 454, 859, 859, 454, 454, 454, 454, 859
351, 454, 454, 665, 665, 666, 666, 666, 666, 454, 454, 666, 666, 666, 666, 454
666, 666, 666, 666, 666, 667, 764, 764, 764, 666, 666, 764, 764, 764, 764, 666
764, 764, 764, 667, 667, 668, 668, 668, 668, 764, 764, 668, 668, 668, 668, 764
668, 668, 668, 668, 668, 669, 712, 712, 712, 668, 668, 712, 712, 712, 712, 668
712, 712, 712, 669, 669, 670, 670, 670, 670, 712, 712, 670, 670, 670, 670, 712
670, 670, 670, 670, 670, 671, 919, 919, 919, 670, 670, 919, 919, 919, 919, 670
539, 919, 919, 671, 671, 672, 634, 634, 634, 919, 919, 634, 634, 634, 634, 919
571, 634, 634, 672, 672, 673, 897, 897, 897, 634, 634, 897, 897, 897, 897, 634
778, 897, 897, 673, 673, 674, 778, 778, 778, 897, 897, 778, 778, 778, 778, 897
46, 778, 778, 674, 674, 675, 689, 689, 689, 778, 778, 689, 689, 689, 689, 778
457, 689, 689, 675, 675, 676, 676, 676, 676, 689, 689, 676, 676, 676, 676, 689
676, 676, 676, 676, 676, 677, 599, 599, 599, 676, 676, 599, 599, 599, 599, 676
599, 599, 599, 677, 677, 678, 577, 577, 577, 599, 599, 577, 577, 577, 577, 599
90, 577, 577, 678, 678, 679, 845, 845, 845, 577, 577, 845, 845, 845, 845, 577
845, 845, 845, 679, 679, 680, 774, 774, 774, 845, 845, 774, 774, 774, 774, 845
120, 774, 774, 680, 680, 681, 907, 907, 907, 774, 774, 907, 907, 907, 907, 774
907, 907, 907, 681, 681, 682, 565, 643, 643, 907, 907, 643, 643, 643, 643, 907
530, 565, 565, 682, 682, 683, 889, 889, 889, 565, 565, 889, 889, 889, 889, 565
643, 889, 889, 683, 683, 684, 935, 935, 935, 889, 889, 935, 935, 935, 935, 889
935, 935, 935, 684, 684, 685, 643, 589, 589, 935, 935, 589, 589, 589, 589, 935
1, 589, 589, 685, 685, 686, 869, 869, 869, 589, 589, 869, 869, 869, 869, 589
869, 869, 869, 686, 686, 687, 975, 975, 975, 869, 869, 975, 975, 975, 975, 869
302, 975, 975, 687, 687, 688, 536, 536, 536, 975, 975, 536, 536, 536, 536, 975
79, 536, 536, 688, 688, 689, 792, 792, 792, 536, 536, 792, 792, 792, 792, 536
16, 792, 792, 689, 689, 690, 744, 744, 744, 792, 792, 744, 744, 744, 744, 792
744, 744, 744, 690, 690, 691, 884, 884, 884, 744, 744, 884, 884, 884, 884, 744
85, 884, 884, 691, 691, 692, 892, 892, 892, 884, 884, 892, 892, 892, 892, 884
892, 892, 892, 692, 692, 693, 619, 619, 619, 892, 892, 619, 619, 619, 619, 892
550, 619, 619, 693, 693, 694, 968, 968, 968, 619, 619, 968, 968, 968, 968, 619
968, 968, 968, 694, 694, 695, 848, 848, 848, 968, 968, 848, 848, 848, 848, 968
341, 848, 848, 695, 695, 696, 920, 920, 920, 848, 848, 920, 920, 920, 920, 848
920, 920, 920, 696, 696, 697, 748, 748, 748, 920, 920, 748, 748, 748, 748, 920
748, 748, 748, 697, 697, 698, 532, 532, 532, 748, 748, 532, 532, 532, 532, 748
171, 532, 532, 698, 698, 699, 813, 813, 813, 532, 532, 813, 813, 813, 813, 532
15, 813, 813, 699, 699, 700, 726, 726, 726, 813, 813, 726, 726, 726, 726, 813
726, 726, 726, 700, 700, 701, 882, 882, 882, 726, 726, 882, 882, 882, 882, 726
687, 882, 882, 701, 701, 702, 960, 960, 960, 882, 882, 960, 960, 960, 960, 882
960, 960, 960, 702, 702, 703, 878, 878, 878, 960, 960, 878, 878, 878, 878, 960
878, 878, 878, 703, 703, 704, 773, 773, 773, 878, 878, 773, 773, 773, 773, 878
494, 773, 773, 704, 704, 705, 528, 528, 528, 773, 773, 528, 528, 528, 528, 773
27, 528, 528, 705, 705, 706, 604, 604, 604, 528, 528, 604, 604, 604, 604, 528
154, 310, 310, 706, 706, 707, 946, 946, 946, 310, 310, 946, 946, 946, 946, 310
198, 946, 946, 707, 707, 708, 708, 708, 708, 946, 946, 708, 708, 708, 708, 946
708, 708, 708, 708, 708, 709, 793, 793, 793, 708, 708, 793, 793, 793, 793, 708
665, 793, 793, 709, 709, 710, 665, 665, 665, 793, 793, 665, 665, 665, 665, 793
552, 665, 665, 710, 710, 711, 738, 738, 738, 665, 665, 738, 738, 738, 738, 665
711, 738, 738, 711, 711, 712, 711, 711, 711, 738, 738, 711, 711, 711, 711, 738
42, 711, 711, 712, 712, 713, 823, 823, 823, 711, 711, 823, 823, 823, 823, 711
568, 823, 823, 713, 713, 714, 568, 568, 568, 823, 823, 568, 568, 568, 568, 823
146, 568, 568, 714, 714, 715, 417, 417, 417, 568, 568, 417, 417, 417, 417, 568
417, 417, 417, 715, 715, 716, 710, 710, 710, 417, 417, 710, 710, 710, 710, 417
710, 710, 710, 716, 716, 717, 914, 914, 914, 710, 710, 914, 914, 914, 914, 710
914, 914, 914, 717, 717, 718, 395, 395, 395, 914, 914, 395, 395, 395, 395, 914
395, 395, 395, 718, 718, 719, 886, 886, 886, 395, 395, 886, 886, 886, 886, 395
331, 886, 886, 719, 719, 720, 720, 720, 720, 886, 886, 720, 720, 720, 720, 886
720, 720, 720, 720, 720, 721, 787, 787, 787, 720, 720, 787, 787, 787, 787, 720
242, 787, 787, 721, 721, 722, 723, 723, 723, 787, 787, 723, 723, 723, 723, 787
297, 331, 331, 722, 722, 723, 755, 755, 755, 331, 331, 755, 755, 755, 755, 331
723, 755, 755, 723, 723, 724, 724, 724, 724, 755, 755, 724, 724, 724, 724, 755
724, 724, 724, 724, 724, 725, 702, 702, 702, 724, 724, 702, 702, 702, 702, 724
431, 702, 702, 725, 725, 726, 765, 765, 765, 702, 702, 765, 765, 765, 765, 702
765, 765, 765, 726, 726, 727, 904, 904, 904, 765, 765, 904, 904, 904, 904, 765
563, 904, 904, 727, 727, 728, 672, 672, 672, 904, 904, 672, 672, 672, 672, 904
459, 563, 563, 728, 728, 729, 974, 974, 974, 563, 563, 974, 974, 974, 974, 563
974, 974, 974, 729, 729, 730, 911, 911, 911, 974, 974, 911, 911, 911, 911, 974
911, 911, 911, 730, 730, 731, 731, 731, 731, 911, 911, 731, 731, 731, 731, 911
731, 731, 731, 731, 731, 732, 732, 732, 732, 731, 731, 732, 732, 732, 732, 731
732, 732, 732, 732, 732, 733, 832, 832, 832, 732, 732, 832, 832, 832, 832, 732
832, 832, 832, 733, 733, 734, 562, 562, 562, 832, 832, 562, 562, 562, 562, 832
410, 562, 562, 734, 734, 735, 994, 994, 994, 562, 562, 994, 994, 994, 994, 562
445, 994, 994, 735, 735, 736, 699, 699, 699, 994, 994, 699, 699, 699, 699, 994
118, 445, 445, 736, 736, 737, 837, 837, 837, 445, 445, 837, 837, 837, 837, 445
699, 837, 837, 737, 737, 738, 700, 700, 700, 837, 837, 700, 700, 700, 700, 837
700, 700, 700, 738, 738, 739, 335, 335, 335, 700, 700, 335, 335, 335, 335, 700
62, 335, 335, 739, 739, 740, 740, 740, 740, 335, 335, 740, 740, 740, 740, 335
740, 740, 740, 740, 740, 741, 785, 785, 785, 740, 740, 785, 785, 785, 785, 740
785, 785, 785, 741, 741, 742, 407, 407, 407, 785, 785, 407, 407, 407, 407, 785
350, 397, 397, 742, 742, 743, 772, 772, 772, 397, 397, 772, 772, 772, 772, 397
743, 772, 772, 743, 743, 744, 743, 743, 743, 772, 772, 743, 743, 743, 743, 772
407, 743, 743, 744, 744, 745, 769, 769, 769, 743, 743, 769, 769, 769, 769, 743
769, 769, 769, 745, 745, 746, 466, 466, 466, 769, 769, 466, 466, 466, 466, 769
412, 412, 412, 746, 746, 747, 926, 926, 926, 412, 412, 926, 926, 926, 926, 412
458, 926, 926, 747, 747, 748, 929, 929, 929, 926, 926, 929, 929, 929, 929, 926
929, 929, 929, 748, 748, 749, 997, 997, 997, 929, 929, 997, 997, 997, 997, 929
997, 997, 997, 749, 749, 750, 519, 519, 519, 997, 997, 519, 519, 519, 519, 997
450, 519, 519, 750, 750, 751, 963, 963, 963, 519, 519, 963, 963, 963, 963, 519
690, 963, 963, 751, 751, 752, 753, 753, 753, 963, 963, 753, 753, 753, 753, 963
124, 690, 690, 752, 752, 753, 809, 809, 809, 690, 690, 809, 809, 809, 809, 690
753, 809, 809, 753, 753, 754, 762, 762, 762, 809, 809, 762, 762, 762, 762, 809
762, 762, 762, 754, 754, 755, 971, 971, 971, 762, 762, 971, 971, 971, 971, 762
786, 971, 971, 755, 755, 756, 786, 786, 786, 971, 971, 786, 786, 786, 786, 971
225, 786, 786, 756, 756, 757, 821, 821, 821, 786, 786, 821, 821, 821, 821, 786
346, 821, 821, 757, 757, 758, 896, 896, 896, 821, 821, 896, 896, 896, 896, 821
896, 896, 896, 758, 758, 759, 870, 870, 870, 896, 896, 870, 870, 870, 870, 896
870, 870, 870, 759, 759, 760, 760, 760, 760, 870, 870, 760, 760, 760, 760, 870
760, 760, 760, 760, 760, 761, 761, 761, 761, 760, 760, 761, 761, 761, 761, 760
761, 761, 761, 761, 761, 762, 801, 801, 801, 761, 761, 801, 801, 801, 801, 761
801, 801, 801, 762, 762, 763, 594, 594, 594, 801, 801, 594, 594, 594, 594, 801
36, 594, 594, 763, 763, 764, 789, 789, 789, 594, 594, 789, 789, 789, 789, 594
789, 789, 789, 764, 764, 765, 810, 810, 810, 789, 789, 810, 810, 810, 810, 789
810, 810, 810, 765, 765, 766, 767, 767, 767, 810, 810, 767, 767, 767, 767, 810
766, 766, 766, 766, 766, 767, 873, 873, 873, 766, 766, 873, 873, 873, 873, 766
767, 873, 873, 767, 767, 768, 825, 825, 825, 873, 873, 825, 825, 825, 825, 873
825, 825, 825, 768, 768, 769, 843, 843, 843, 825, 825, 843, 843, 843, 843, 825
610, 843, 843, 769, 769, 770, 610, 610, 610, 843, 843, 610, 610, 610, 610, 843
282, 610, 610, 770, 770, 771, 626, 626, 626, 610, 610, 626, 626, 626, 626, 610
626, 626, 626, 771, 771, 772, 579, 579, 579, 626, 626, 579, 579, 579, 579, 626
579, 579, 579, 772, 772, 773, 473, 473, 473, 579, 579, 473, 473, 473, 473, 579
473, 473, 473, 773, 773, 774, 927, 927, 927, 473, 473, 927, 927, 927, 927, 473
927, 927, 927, 774, 774, 775, 675, 675, 675, 927, 927, 675, 675, 675, 675, 927
277, 675, 675, 775, 775, 776, 534, 534, 534, 675, 675, 534, 534, 534, 534, 675
534, 534, 534, 776, 776, 777, 471, 471, 471, 534, 534, 471, 471, 471, 471, 534
273, 471, 471, 777, 777, 778, 709, 709, 709, 471, 471, 709, 709, 709, 709, 471
709, 709, 709, 778, 778, 779, 942, 942, 942, 709, 709, 942, 942, 942, 942, 709
745, 942, 942, 779, 779, 780, 745, 745, 745, 942, 942, 745, 745, 745, 745, 942
97, 745, 745, 780, 780, 781, 654, 654, 654, 745, 745, 654, 654, 654, 654, 745
246, 654, 654, 781, 781, 782, 587, 587, 587, 654, 654, 587, 587, 587, 587, 654
587, 587, 587, 782, 782, 783, 985, 985, 985, 587, 587, 985, 985, 985, 985, 587
315, 985, 985, 783, 783, 784, 667, 667, 667, 985, 985, 667, 667, 667, 667, 985
667, 667, 667, 784, 784, 785, 951, 951, 951, 667, 667, 951, 951, 951, 951, 667
937, 951, 951, 785, 785, 786, 937, 937, 937, 951, 951, 937, 937, 937, 937, 951
167, 937, 937, 786, 786, 787, 516, 516, 516, 516, 937, 516, 516, 516, 516, 937
516, 516, 516, 787, 787, 788, 718, 718, 718, 718, 516, 718, 718, 718, 718, 516
718, 718, 718, 788, 788, 789, 330, 330, 330, 344, 718, 330, 330, 330, 330, 718
285, 330, 330, 789, 789, 790, 408, 408, 408, 408, 330, 408, 408, 408, 408, 330
408, 408, 408, 790, 790, 791, 865, 865, 865, 865, 408, 865, 865, 865, 865, 408
123, 865, 865, 791, 791, 792, 936, 936, 936, 936, 865, 936, 936, 936, 936, 865
936, 936, 936, 792, 792, 793, 645, 645, 645, 645, 936, 645, 645, 645, 645, 936
37, 645, 645, 793, 793, 794, 514, 514, 514, 311, 645, 514, 514, 514, 514, 645
311, 311, 311, 794, 794, 795, 739, 739, 739, 739, 311, 739, 739, 739, 739, 311
514, 739, 739, 795, 795, 796, 719, 719, 719, 719, 739, 719, 719, 719, 719, 739
719, 719, 719, 796, 796, 797, 497, 497, 497, 514, 719, 497, 497, 497, 497, 719
497, 497, 497, 797, 797, 798, 796, 796, 796, 796, 497, 796, 796, 796, 796, 497
796, 796, 796, 798, 798, 799, 780, 780, 780, 780, 796, 780, 780, 780, 780, 796
777, 780, 780, 799, 799, 800, 777, 777, 777, 777, 780, 777, 777, 777, 777, 780
425, 777, 777, 800, 800, 801, 807, 807, 807, 807, 777, 807, 807, 807, 807, 777
31, 807, 807, 801, 801, 802, 425, 425, 425, 425, 807, 425, 425, 425, 425, 807
389, 425, 425, 802, 802, 803, 840, 840, 840, 840, 425, 840, 840, 840, 840, 425
174, 840, 840, 803, 803, 804, 612, 612, 612, 612, 840, 612, 612, 612, 612, 840
63, 612, 612, 804, 804, 805, 652, 652, 652, 652, 612, 652, 652, 652, 652, 612
47, 652, 652, 805, 805, 806, 707, 707, 707, 707, 652, 707, 707, 707, 707, 652
707, 707, 707, 806, 806, 807, 617, 617, 617, 617, 707, 617, 617, 617, 617, 707
224, 617, 617, 807, 807, 808, 272, 272, 272, 272, 617, 272, 272, 272, 272, 617
272, 272, 272, 808, 808, 809, 256, 256, 256, 256, 272, 256, 256, 256, 256, 272
55, 256, 256, 809, 809, 810, 422, 422, 422, 422, 256, 422, 422, 422, 422, 256
422, 422, 422, 810, 810, 811, 811, 811, 811, 811, 422, 811, 811, 811, 811, 422
811, 811, 811, 811, 811, 812, 553, 553, 553, 553, 811, 553, 553, 553, 553, 811
553, 553, 553, 812, 812, 813, 964, 964, 964, 964, 553, 964, 964, 964, 964, 553
522, 964, 964, 813, 813, 814, 814, 814, 814, 814, 964, 814, 814, 814, 814, 964
814, 814, 814, 814, 814, 815, 976, 976, 976, 976, 814, 976, 976, 976, 976, 814
783, 976, 976, 815, 815, 816, 816, 816, 816, 816, 976, 816, 816, 816, 816, 976
816, 816, 816, 816, 816, 817, 817, 817, 817, 817, 816, 817, 817, 817, 817, 816
817, 817, 817, 817, 817, 818, 806, 806, 806, 806, 817, 806, 806, 806, 806, 817
523, 806, 806, 818, 818, 819, 874, 874, 874, 874, 806, 874, 874, 874, 874, 806
82, 874, 874, 819, 819, 820, 820, 820, 820, 820, 874, 820, 820, 820, 820, 874
820, 820, 820, 820, 820, 821, 671, 671, 671, 671, 820, 671, 671, 671, 671, 820
671, 671, 671, 821, 821, 822, 776, 776, 776, 776, 671, 776, 776, 776, 776, 671
776, 776, 776, 822, 822, 823, 730, 730, 730, 730, 776, 730, 730, 730, 730, 776
232, 730, 730, 823, 823, 824, 585, 585, 585, 585, 730, 585, 585, 585, 585, 730
359, 585, 585, 824, 824, 825, 808, 808, 808, 808, 585, 808, 808, 808, 808, 585
469, 808, 808, 825, 825, 826, 826, 826, 826, 826, 808, 826, 826, 826, 826, 808
826, 826, 826, 826, 826, 827, 797, 797, 797, 797, 826, 797, 797, 797, 797, 826
797, 797, 797, 827, 827, 828, 283, 283, 283, 283, 797, 283, 283, 283, 283, 797
204, 283, 283, 828, 828, 829, 206, 206, 249, 206, 283, 206, 249, 249, 249, 283
30, 206, 206, 829, 829, 830, 352, 352, 352, 190, 206, 352, 352, 352, 352, 206
190, 190, 190, 830, 830, 831, 901, 901, 901, 901, 190, 901, 901, 901, 901, 190
352, 901, 901, 831, 831, 832, 669, 669, 669, 669, 901, 669, 669, 669, 669, 901
669, 669, 669, 832, 832, 833, 424, 424, 424, 424, 669, 424, 424, 424, 424, 669
249, 424, 424, 833, 833, 834, 569, 569, 569, 569, 424, 569, 569, 569, 569, 424
569, 569, 569, 834, 834, 835, 828, 828, 828, 828, 569, 828, 828, 828, 828, 569
236, 828, 828, 835, 835, 836, 695, 695, 695, 507, 828, 695, 695, 695, 695, 828
507, 507, 507, 836, 836, 837, 722, 722, 722, 722, 507, 722, 722, 722, 722, 507
722, 722, 722, 837, 837, 838, 747, 747, 747, 698, 722, 747, 747, 747, 747, 722
698, 698, 698, 838, 838, 839, 839, 839, 839, 839, 698, 839, 839, 839, 839, 698
839, 839, 839, 839, 839, 840, 855, 855, 855, 855, 839, 855, 855, 855, 855, 839
855, 855, 855, 840, 840, 841, 570, 570, 570, 747, 855, 570, 570, 570, 570, 855
12, 570, 570, 841, 841, 842, 834, 834, 834, 834, 570, 834, 834, 834, 834, 570
834, 834, 834, 842, 842, 843, 827, 827, 827, 827, 834, 827, 827, 827, 827, 834
660, 827, 827, 843, 843, 844, 660, 660, 660, 660, 827, 660, 660, 660, 660, 827
99, 660, 660, 844, 844, 845, 948, 948, 948, 948, 660, 948, 948, 948, 948, 660
948, 948, 948, 845, 845, 846, 846, 846, 846, 846, 948, 846, 846, 846, 846, 948
846, 846, 846, 846, 846, 847, 847, 847, 847, 847, 846, 847, 847, 847, 847, 846
847, 847, 847, 847, 847, 848, 547, 547, 547, 547, 847, 547, 547, 547, 547, 847
325, 547, 547, 848, 848, 849, 902, 902, 902, 902, 547, 902, 902, 902, 902, 547
902, 902, 902, 849, 849, 850, 593, 593, 593, 513, 902, 593, 593, 593, 593, 902
513, 513, 513, 850, 850, 851, 616, 616, 616, 616, 513, 616, 616, 616, 616, 513
616, 616, 616, 851, 851, 852, 962, 962, 962, 962, 616, 962, 962, 962, 962, 616
962, 962, 962, 852, 852, 853, 916, 916, 916, 916, 962, 916, 916, 916, 916, 962
488, 916, 916, 853, 853, 854, 701, 701, 701, 701, 916, 701, 701, 701, 701, 916
701, 701, 701, 854, 854, 855, 925, 925, 925, 925, 701, 925, 925, 925, 925, 701
214, 925, 925, 855, 855, 856, 898, 898, 898, 898, 925, 898, 898, 898, 898, 925
898, 898, 898, 856, 856, 857, 779, 779, 779, 779, 898, 779, 779, 779, 779, 898
418, 779, 779, 857, 857, 858, 706, 706, 706, 663, 779, 706, 706, 706, 706, 779
663, 663, 663, 858, 858, 859, 998, 998, 998, 998, 663, 998, 998, 998, 998, 663
636, 998, 998, 859, 859, 860, 795, 795, 795, 795, 998, 795, 795, 795, 795, 998
795, 795, 795, 860, 860, 861, 921, 921, 921, 921, 795, 921, 921, 921, 921, 795
628, 921, 921, 861, 861, 862, 636, 636, 636, 636, 921, 636, 636, 636, 636, 921
525, 636, 636, 862, 862, 863, 864, 864, 864, 864, 636, 864, 864, 864, 864, 636
674, 864, 864, 863, 863, 864, 674, 674, 674, 674, 864, 674, 674, 674, 674, 864
343, 674, 674, 864, 864, 865, 782, 782, 782, 782, 674, 782, 782, 782, 782, 674
501, 782, 782, 865, 865, 866, 735, 735, 735, 735, 782, 735, 735, 735, 735, 782
735, 735, 735, 866, 866, 867, 343, 343, 332, 501, 735, 343, 332, 332, 332, 735
332, 332, 332, 867, 867, 868, 470, 470, 470, 470, 332, 470, 470, 470, 470, 332
470, 470, 470, 868, 868, 869, 275, 275, 435, 299, 470, 275, 435, 435, 435, 470
231, 275, 275, 869, 869, 870, 662, 662, 662, 662, 275, 662, 662, 662, 662, 275
662, 662, 662, 870, 870, 871, 959, 959, 959, 959, 662, 959, 959, 959, 959, 662
959, 959, 959, 871, 871, 872, 656, 656, 656, 656, 959, 656, 656, 656, 656, 959
656, 656, 656, 872, 872, 873, 961, 961, 961, 961, 656, 961, 961, 961, 961, 656
526, 961, 961, 873, 873, 874, 956, 956, 956, 956, 961, 956, 956, 956, 956, 961
956, 956, 956, 874, 874, 875, 875, 875, 875, 875, 956, 875, 875, 875, 875, 956
875, 875, 875, 875, 875, 876, 715, 715, 715, 715, 875, 715, 715, 715, 715, 875
697, 715, 715, 876, 876, 877, 618, 618, 618, 697, 715, 618, 618, 618, 618, 715
618, 618, 618, 877, 877, 878, 462, 462, 462, 438, 618, 462, 462, 462, 462, 618
147, 438, 438, 878, 878, 879, 999, 999, 999, 999, 438, 999, 999, 999, 999, 438
364, 999, 999, 879, 879, 880, 468, 468, 468, 468, 999, 468, 468, 468, 468, 999
462, 468, 468, 880, 880, 881, 812, 812, 812, 812, 468, 812, 812, 812, 812, 468
215, 812, 812, 881, 881, 882, 799, 799, 799, 572, 812, 799, 799, 799, 799, 812
572, 572, 572, 882, 882, 883, 856, 856, 856, 856, 572, 856, 856, 856, 856, 572
856, 856, 856, 883, 883, 884, 805, 805, 805, 805, 856, 805, 805, 805, 805, 856
805, 805, 805, 884, 884, 885, 535, 535, 535, 799, 805, 535, 535, 535, 535, 805
535, 535, 535, 885, 885, 886, 441, 441, 441, 441, 535, 441, 441, 441, 441, 535
186, 441, 441, 886, 886, 887, 336, 336, 336, 336, 441, 336, 336, 336, 336, 441
248, 336, 336, 887, 887, 888, 888, 888, 888, 888, 336, 888, 888, 888, 888, 336
888, 888, 888, 888, 888, 889, 492, 492, 492, 492, 888, 492, 492, 492, 492, 888
203, 492, 492, 889, 889, 890, 248, 248, 248, 248, 492, 248, 248, 248, 248, 492
111, 248, 248, 890, 890, 891, 632, 632, 632, 632, 248, 632, 632, 632, 632, 248
429, 632, 632, 891, 891, 892, 734, 734, 734, 429, 632, 734, 734, 734, 734, 632
192, 429, 429, 892, 892, 893, 893, 893, 893, 893, 429, 893, 893, 893, 893, 429
893, 893, 893, 893, 893, 894, 894, 894, 894, 894, 893, 894, 894, 894, 894, 893
894, 894, 894, 894, 894, 895, 909, 909, 909, 909, 894, 909, 909, 909, 909, 894
493, 909, 909, 895, 895, 896, 621, 621, 621, 621, 909, 621, 621, 621, 621, 909
621, 621, 621, 896, 896, 897, 798, 798, 798, 798, 621, 798, 798, 798, 798, 621
209, 798, 798, 897, 897, 898, 953, 953, 953, 953, 798, 953, 953, 953, 953, 798
953, 953, 953, 898, 898, 899, 650, 650, 650, 650, 953, 650, 650, 650, 650, 953
650, 650, 650, 899, 899, 900, 967, 967, 967, 967, 650, 967, 967, 967, 967, 967
967, 967, 967, 900, 900, 901, 580, 580, 580, 581, 967, 580, 580, 580, 580, 581
201, 580, 580, 901, 901, 902, 614, 614, 614, 449, 580, 614, 614, 614, 614, 449
293, 449, 449, 902, 902, 903, 993, 993, 993, 993, 449, 993, 993, 993, 993, 993
903, 993, 993, 903, 903, 904, 903, 903, 903, 903, 993, 903, 903, 903, 903, 903
104, 903, 903, 904, 904, 905, 737, 737, 737, 737, 903, 737, 737, 737, 737, 737
737, 737, 737, 905, 905, 906, 637, 637, 637, 637, 737, 637, 637, 637, 637, 637
294, 637, 637, 906, 906, 907, 900, 900, 900, 900, 637, 900, 900, 900, 900, 900
900, 900, 900, 907, 907, 908, 679, 679, 679, 679, 900, 679, 679, 679, 679, 679
679, 679, 679, 908, 908, 909, 867, 867, 867, 867, 867, 867, 867, 867, 867, 867
867, 867, 867, 909, 909, 910, 661, 661, 661, 453, 453, 661, 661, 661, 661, 453
53, 453, 453, 910, 910, 911, 883, 883, 883, 883, 883, 883, 883, 883, 883, 883
377, 883, 883, 911, 911, 912, 986, 986, 986, 986, 986, 986, 986, 986, 986, 986
986, 986, 986, 912, 912, 913, 871, 871, 871, 871, 871, 871, 871, 871, 871, 871
717, 871, 871, 913, 913, 914, 949, 949, 949, 949, 949, 949, 949, 949, 949, 949
949, 949, 949, 914, 914, 915, 952, 952, 952, 952, 952, 952, 952, 952, 952, 952
952, 952, 952, 915, 915, 916, 691, 691, 691, 691, 691, 691, 691, 691, 691, 691
691, 691, 691, 916, 916, 917, 495, 495, 495, 603, 603, 495, 495, 495, 495, 603
495, 495, 495, 917, 917, 918, 586, 586, 586, 326, 326, 586, 586, 586, 586, 326
326, 326, 326, 918, 918, 919, 977, 977, 977, 977, 977, 977, 977, 977, 977, 977
586, 977, 977, 919, 919, 920, 680, 680, 680, 680, 680, 680, 680, 680, 680, 680
269, 680, 680, 920, 920, 921, 923, 923, 923, 923, 923, 923, 923, 923, 923, 923
721, 923, 923, 921, 921, 922, 721, 721, 721, 721, 721, 721, 721, 721, 721, 721
578, 721, 721, 922, 922, 923, 696, 696, 696, 696, 696, 696, 696, 696, 696, 696
384, 696, 696, 923, 923, 924, 631, 631, 631, 544, 544, 631, 631, 631, 631, 544
484, 544, 544, 924, 924, 925, 931, 931, 931, 931, 931, 931, 931, 931, 931, 931
631, 931, 931, 925, 925, 926, 673, 673, 673, 673, 673, 673, 673, 673, 673, 673
673, 673, 673, 926, 926, 927, 973, 973, 973, 973, 973, 973, 973, 973, 973, 973
144, 973, 973, 927, 927, 928, 861, 861, 861, 861, 861, 861, 861, 861, 861, 861
861, 861, 861, 928, 928, 929, 794, 794, 794, 794, 794, 794, 794, 794, 794, 794
794, 794, 794, 929, 929, 930, 551, 551, 551, 551, 551, 551, 551, 551, 551, 551
342, 551, 551, 930, 930, 931, 741, 741, 741, 741, 741, 741, 741, 741, 741, 741
741, 741, 741, 931, 931, 932, 727, 727, 727, 727, 727, 727, 727, 727, 727, 727
114, 727, 727, 932, 932, 933, 849, 849, 849, 849, 849, 849, 849, 849, 849, 849
533, 849, 849, 933, 933, 934, 601, 601, 601, 601, 601, 601, 601, 601, 601, 601
601, 601, 601, 934, 934, 935, 862, 862, 862, 862, 862, 862, 862, 862, 862, 862
72, 862, 862, 935, 935, 936, 371, 371, 371, 371, 371, 371, 371, 371, 371, 371
368, 371, 371, 936, 936, 937, 383, 383, 383, 383, 383, 383, 383, 383, 383, 383
271, 383, 383, 937, 937, 938, 416, 416, 416, 271, 271, 416, 416, 416, 416, 271
165, 271, 271, 938, 938, 939, 437, 437, 437, 437, 437, 437, 437, 437, 437, 437
416, 437, 437, 939, 939, 940, 770, 770, 770, 770, 770, 770, 770, 770, 770, 770
770, 770, 770, 940, 940, 941, 941, 941, 941, 941, 941, 941, 941, 941, 941, 941
941, 941, 941, 941, 941, 942, 890, 890, 890, 541, 541, 890, 890, 890, 890, 541
354, 541, 541, 942, 942, 943, 943, 943, 943, 943, 943, 943, 943, 943, 943, 943
943, 943, 943, 943, 943, 944, 944, 944, 944, 944, 944, 944, 944, 944, 944, 944
944, 944, 944, 944, 944, 945, 800, 800, 800, 890, 890, 800, 800, 800, 800, 890
286, 800, 800, 945, 945, 946, 692, 692, 692, 509, 509, 692, 692, 692, 692, 509
183, 509, 509, 946, 946, 947, 804, 804, 804, 804, 804, 804, 804, 804, 804, 804
477, 804, 804, 947, 947, 948, 728, 728, 728, 728, 728, 728, 728, 728, 728, 728
692, 728, 728, 948, 948, 949, 915, 915, 915, 915, 915, 915, 915, 915, 915, 915
433, 915, 915, 949, 949, 950, 950, 950, 950, 950, 950, 950, 950, 950, 950, 950
950, 950, 950, 950, 950, 951, 899, 899, 899, 899, 899, 899, 899, 899, 899, 899
584, 899, 899, 951, 951, 952, 584, 584, 584, 584, 584, 584, 584, 584, 584, 584
505, 584, 584, 952, 952, 953, 836, 836, 836, 836, 836, 836, 836, 836, 836, 836
836, 836, 836, 953, 953, 954, 546, 546, 546, 546, 546, 546, 546, 546, 546, 546
540, 546, 546, 954, 954, 955, 476, 476, 476, 540, 540, 476, 476, 476, 476, 540
378, 476, 476, 955, 955, 956, 992, 992, 992, 992, 992, 992, 992, 992, 992, 992
992, 992, 992, 956, 956, 957, 623, 623, 623, 623, 623, 623, 623, 623, 623, 623
396, 623, 623, 957, 957, 958, 958, 958, 958, 958, 958, 958, 958, 958, 958, 958
958, 958, 958, 958, 958, 959, 775, 775, 775, 775, 775, 775, 775, 775, 775, 775
143, 775, 775, 959, 959, 960, 345, 345, 345, 345, 345, 345, 345, 345, 345, 345
39, 345, 345, 960, 960, 961, 934, 934, 934, 934, 934, 934, 934, 934, 934, 934
934, 934, 934, 961, 961, 962, 480, 480, 480, 480, 480, 480, 480, 480, 480, 480
150, 480, 480, 962, 962, 963, 647, 647, 647, 647, 647, 647, 647, 647, 647, 647
0, 647, 647, 963, 963, 964, 287, 287, 406, 287, 287, 287, 406, 406, 406, 287
25, 287, 287, 964, 964, 965, 609, 609, 609, 609, 609, 609, 609, 609, 609, 609
73, 609, 609, 965, 965, 966, 966, 966, 966, 966, 966, 966, 966, 966, 966, 966
966, 966, 966, 966, 966, 967, 835, 835, 835, 835, 835, 835, 835, 835, 835, 835
835, 835, 835, 967, 967, 968, 924, 924, 924, 472, 472, 924, 924, 924, 924, 472
472, 472, 472, 968, 968, 969, 969, 969, 969, 969, 969, 969, 969, 969, 969, 969
969, 969, 969, 969, 969, 970, 970, 970, 970, 970, 970, 970, 970, 970, 970, 970
970, 970, 970, 970, 970, 971, 891, 891, 891, 924, 924, 891, 891, 891, 891, 924
891, 891, 891, 971, 971, 972, 972, 972, 972, 972, 972, 972, 972, 972, 972, 972
972, 972, 972, 972, 972, 973, 588, 588, 588, 588, 588, 588, 588, 588, 588, 588
588, 588, 588, 973, 973, 974, 486, 486, 486, 486, 486, 486, 486, 486, 486, 486
428, 486, 486, 974, 974, 975, 918, 918, 918, 918, 918, 918, 918, 918, 918, 918
918, 918, 918, 975, 975, 976, 905, 905, 905, 905, 905, 905, 905, 905, 905, 905
316, 905, 905, 976, 976, 977, 853, 853, 853, 853, 853, 853, 853, 853, 853, 853
515, 853, 853, 977, 977, 978, 979, 979, 979, 979, 979, 979, 979, 979, 979, 979
979, 979, 979, 978, 978, 979, 633, 633, 633, 633, 633, 633, 633, 633, 633, 633
218, 633, 633, 979, 979, 980, 485, 485, 485, 485, 485, 485, 485, 485, 485, 485
485, 485, 485, 980, 980, 981, 506, 506, 506, 506, 506, 506, 506, 506, 506, 506
281, 506, 506, 981, 981, 982, 982, 982, 982, 982, 982, 982, 982, 982, 982, 982
982, 982, 982, 982, 982, 983, 279, 279, 279, 281, 281, 279, 279, 279, 279, 281
229, 279, 279, 983, 983, 984, 733, 733, 733, 733, 733, 733, 733, 733, 733, 733
733, 733, 733, 984, 984, 985, 245, 245, 245, 245, 245, 245, 245, 245, 245, 245
140, 245, 245, 985, 985, 986, 930, 930, 930, 426, 426, 930, 930, 930, 930, 426
426, 426, 426, 986, 986, 987, 987, 987, 987, 987, 987, 987, 987, 987, 987, 987
987, 987, 987, 987, 987, 988, 988, 988, 988, 988, 988, 988, 988, 988, 988, 988
988, 988, 988, 988, 988, 989, 387, 387, 387, 930, 930, 387, 387, 387, 387, 930
189, 387, 387, 989, 989, 990, 235, 235, 235, 235, 235, 235, 235, 235, 235, 235
234, 235, 235, 990, 990, 991, 922, 922, 922, 922, 922, 922, 922, 922, 922, 922
139, 922, 922, 991, 991, 992, 664, 664, 664, 414, 414, 664, 664, 664, 664, 414
112, 414, 414, 992, 992, 993, 996, 996, 996, 996, 996, 996, 996, 996, 996, 996
664, 996, 996, 993, 993, 994, 881, 881, 881, 803, 803, 881, 881, 881, 881, 803
803, 803, 803, 994, 994, 995, 947, 947, 947, 947, 947, 947, 947, 947, 947, 947
912, 947, 947, 995, 995, 996, 912, 912, 912, 912, 912, 912, 912, 912, 912, 912
881, 912, 912, 996, 996, 997, 880, 880, 880, 881, 881, 880, 880, 880, 880, 881
4, 880, 880, 997, 997, 998, 751, 751, 751, 751, 751, 751, 751, 751, 751, 751
751, 751, 751, 998, 998, 999, 877, 877, 877, 877, 877, 877, 877, 877, 877, 877
69, 877, 877, 999, 999, None, None, None, None, None, None, None, None, None, None, None
